uniprot_id|full_prot_name|reverse|chromosome|start_gene_coord|genom_end_coord|sequence
P05198|false|14
Q9UQL6|true|17
P61978|true|9
Q9UQ13|false|10
P53004|false|7
P35611|false|4
P14598|false|7
Q8TCJ0|false|8
Q16206|true|X
P19429|true|19
P15407|true|11
O76090|false|11
Q9UBS0|false|11
Q9H257|true|9
Q05655|false|3
P13796|true|13
Q9HBA0|true|12
Q13501|false|5
P05787|true|12
P04406|false|12
Q02297-6|false|8
P51398|false|1
P42224|true|2
P62753|true|9
Q99808|false|6
Q14247|false|11
P98082|true|5
Q15139|true|14
P17405|false|11
P68431|false|6
P28329-3|false|10
P13498|true|16
P04637|true|17
Q8TCU6|true|20
P78536|true|2
P12830|false|16
P35568|true|2
P21730|false|19
Q9NRY6|true|17
Q96A00|true|19
P53671|false|22
Q00535|true|7
P10588|true|19
P40189|true|5
Q96D96-4|true|12
P23396|false|11
O14939|false|17
O95817|false|10
P29353-2|true|1
Q15717|true|19
O00165|false|1
P35222|false|3
P61073|true|2
P49840|true|19
Q96C90|true|11
P30273|false|1
Q9BZK7|true|3
P40763|true|17
P49841|true|3
O00429|false|12
Q09472|false|22
Q01543|false|11
P08581|false|7
Q9UQ80|false|12
Q96D96|true|12
P04040|false|11
O15350-2|false|1
P12931|false|20
P52757|false|7
P30086|false|12
Q8IV61|false|2
P14618|true|15
P38936|false|6
P24588|false|14
P35367|false|3
Q15796|true|18
P15036|false|21
P23677|false|15
Q9Y618|true|12
Q9UQM7|true|5
Q4G163|true|8
P55042|true|16
P05556|true|10
Q96PM5|true|4
O15273|false|17
P16949|true|1
O00631|true|11
P14921|true|11
P07101|true|11
P35270|false|2
P43003|false|5
P35372|false|6
Q9Y496|true|5
P46527|false|12
P11831|false|6
Q9Y4D2|false|11
Q9BXL7|true|7
Q92736|false|1
P08670|false|10
Q01970|false|11
O14713|true|2
Q96PH1-4|false|15
P31645|true|17
P21333|true|X
P16070|false|11
O43526-4|true|20
Q14674|false|12
O95180|false|16
P07101-3|true|11
P78352|true|17
Q06210|true|2
Q14457|true|17
O14490-2|true|18
Q13224|true|12
P42261|false|5
P09917|false|10
Q04760|true|6
P37840|true|4
P41134|false|20
P10636-8|false|17
P55055|false|19
P51790|false|4
Q00613|false|8
P26678|false|6
O95786|true|9
Q13153|true|11
P35638|true|12
P08473|false|3
P60484|false|10
O75582|true|14
P41236|true|3
P51636|false|7
Q01082|false|2
Q9UNN5|true|1
P35580|true|17
Q8N5P1|true|2
P30260|true|17
Q16625|false|5
Q13148|false|1
P32004|true|X
Q14449|true|2
P83916|true|17
Q15555|false|18
P03372|false|6
Q13428|false|5
P42892-3|true|1
P04004|true|17
Q15287|true|16
P35221|false|5
P25490|false|14
P42768|false|X
O60936|false|16
P25686|false|2
Q8N5B7|true|12
P55010|false|14
Q96PX8|true|13
P05114|true|21
Q6VY07|false|11
Q13393|true|3
P49959|true|11
P08235|true|4
P45984|true|5
P05412|true|1
P18846|false|12
Q96FW1|false|11
Q9UKD2|false|1
Q04724|true|9
P35226|false|10
Q9Y6W5|true|1
O14958|true|1
Q15003|false|2
Q9BSI4|true|CHR_HG1_PATCH
P09629|true|17
P60983|true|14
P08195|false|11
Q06787|false|X
Q9HA82|false|19
Q14676|true|6
P06127|false|11
P02649|false|19
Q13371|true|9
P0DMV8|false|6
Q6ZMG9|false|2
P0DP23|false|19
Q08945|true|11
Q03014|false|10
Q14005|false|15
Q9UER7|true|6
Q14940|false|16
P49810|false|1
O15266|false|X
Q9UHH9|true|3
P25963|true|14
P32121|false|17
P11387|false|20
Q96SB4|true|6
O75925|false|15
Q9UKX2|true|17
Q96EB6|false|10
P21673|false|X
P11388|true|17
P08833|false|7
P54252|true|14
P17936|true|7
Q9UQE7|false|10
P05455|false|2
P10242|false|6
Q13323|false|22
P67870|false|6
P16220|false|2
Q9Y5B0|false|18
P35579|true|22
Q9Y4R8|false|16
Q9NYV6|false|16
P54252-1|true|14
Q96IZ0|true|12
Q00987|false|12
Q9Y365|true|11
P54274|false|8
O15259|true|2
P08238|false|6
O14950|false|18
P31749|true|14
P12821|false|17
P49736|false|3
P49427|false|19
P50895|false|19
Q8NE71|false|6
P30203|false|11
P07900|true|14
O75822|false|15
P38398|true|17
P51946|true|5
Q92796-2|false|X
Q13509|false|16
Q04206|true|11
O95905|true|10
P39687|true|15
P46531|true|9
Q8TAE8|true|19
P11717|false|6
P19447|true|2
Q92915|true|13
Q16666|false|1
Q15084|true|2
P31751|true|19
Q9UJU2|true|4
P30622|true|12
P20042|true|20
Q712K3|false|9
P29692|true|8
P49418|true|7
P33527|false|16
P13569|false|7
O95477|true|9
P09958|false|15
P41208|true|X
P28482|true|22
P01106|false|8
P22736|false|12
Q9UBF6|false|3
Q96RL1|true|5
Q01831|true|3
P49716|true|8
P10646|true|2
Q15672|true|7
Q16623|true|7
Q99638|false|11
Q96HZ4|true|2
Q9ULV4|true|12
Q92688|false|9
P40337|false|3
P48426|true|10
P10243|true|8
Q06265|false|4
Q92784-2|true|14
P56270|false|16
Q9BPX3|false|4
Q06609|false|15
P49321-2|false|1
P23760|true|2
P20810|false|5
P14317|true|3
Q15653|false|19
Q13829|false|17
Q9UJY5|false|22
Q13426|false|5
O15379|true|5
Q16543|true|19
Q15019|false|2
P30305|false|20
Q9UMD9|true|10
O60341|false|1
P61244|true|14
Q15596|true|8
P29590|false|15
P78344|true|11
Q92769|true|6
Q14493|true|4
O75376|true|17
P42575|false|7
O95863|false|20
P13349|false|12
Q96NY9|false|11
P36955|false|17
Q9HCU9|true|11
P04198|false|2
Q03112|true|3
Q9BRS2|false|6
Q9Y237|false|X
Q96KQ7|true|6
Q13541|false|8
P46060|true|22
P41002|false|16
P27540|true|1
P04818|false|18
O43395|false|1
O76061|true|5
O60671|true|5
P43629|false|19
P02671|true|4
P06744|false|19
P30793|true|14
Q9UBN7|false|X
Q01534|false|Y
Q13563|false|4
P30307|true|5
Q13547|false|1
Q13283|false|5
Q15185|true|12
P09651|false|12
P52907|false|1
P07910|true|14
Q93009|true|16
O43156|true|20
Q01105-2|false|9
P11473|true|12
P30291|false|11
Q12798|false|18
P68400|true|20
P06493|false|10
P53539|false|19
P06401|true|11
O14737|false|19
P12259|true|1
O75676|false|11
P18858|true|19
P10244|false|20
P05549|true|6
P49795|true|20
Q13133|false|11
Q04637-8|false|3
P27986|false|5
O75496|false|6
Q14194|true|4
O43379|false|19
O15143|false|7
Q14980|true|11
Q96EZ8|true|12
Q14203|true|2
Q13761|true|1
P46937|false|11
Q92974|true|1
P12755|false|1
Q9BQG0|true|17
Q8WV24|true|12
Q9HC77|true|13
Q8TEW0|true|10
Q8NHV4|false|12
P53350|false|16
Q15398|true|14
Q13158|false|11
Q9NRM7|true|13
O15350|false|1
O14777|false|18
O95983|true|19
Q49MG5|true|4
Q96CX2|true|13
O43521|false|2
Q14511|true|6
Q9ULW0|false|20
Q9UPY8|false|2
Q13526|false|19
Q8IX03|false|5
P10275|false|X
Q96CG3|true|4
O15360|true|16
Q9BXS6|false|15
P53667|false|7
P49450|false|2
Q9NS23-2|true|3
P11233|false|7
Q9Y6A5|false|4
P35269|true|19
P13631|true|12
Q9NQS7|false|11
Q8NHZ8|true|9
O95835|true|6
P46937-2|false|11
P04049|true|3
Q02241|false|15
Q4VCS5|true|X
Q9GZV5|true|3
P09619|true|5
P16234|false|4
Q05397|true|8
P42684|true|1
Q13769|true|22
P06241|true|6
Q07912|true|3
P22455|false|5
P21127|true|1
P24941|false|12
Q00534|true|7
O00267|false|19
P50750|false|9
P10276|false|17
Q9H0D6|false|20
Q01094|true|20
P11802|true|12
Q15797|false|4
Q9BYE7|true|10
Q9NYV4|false|17
Q13285|true|9
Q15208|true|6
Q96QF0|false|12
Q9Y478|false|12
Q7Z3C6|true|2
Q7Z628|false|10
P07954|true|1
Q8IY63|false|11
Q13131|true|5
Q15036|false|2
Q06210-2|true|2
P29474|false|7
P50552|false|19
Q13085|true|17
Q9UQK1|true|10
P23458|true|1
P63244|true|5
O95278|true|6
Q9H0B6|false|11
P52292|false|17
O00418|false|16
O60825|false|1
O43524|false|6
P08151|false|12
Q16576|true|X
P11908|false|X
Q9BZL4|true|19
Q6TCH7|true|4
P00533|false|7
Q92538|false|10
P60891|false|X
Q8N122|false|17
Q13621|false|15
Q13362|false|14
P41235|false|20
P49674|true|22
P04626|false|17
Q14694|false|16
Q9BUB5-2|true|1
O95239|false|X
O75385|false|12
Q9BU19|true|1
Q05469|true|19
Q15910|true|7
Q86TI0|false|4
Q9H3M7|true|1
Q07866|false|14
P26358-2|true|19
Q16875|false|10
Q8IXJ6|true|19
P14859|false|1
Q13363|true|4
P15056|true|7
Q12778|true|13
P43405|false|9
Q9NR19|false|20
O00763|false|12
P14866|true|19
Q99623|true|12
Q9UQM7-2|true|5
P09874|true|1
P28562|true|5
Q9BXM7|false|1
Q92819|true|8
Q9UQB8|false|17
Q13177|false|3
O14920|false|8
O60285|true|12
Q9Y2H1|false|12
O15055|true|2
Q8TD43|false|19
Q9Y6Q9|false|20
O14641|true|17
O75581|true|12
Q13114|false|14
P25054|false|5
Q9BZL6|true|19
O60716|false|11
Q9NP62|true|6
O43432|true|1
P24844|false|20
P39019|false|19
Q9UKV0|false|7
P11274|false|22
P62993|true|17
P43351|true|12
P46109|false|22
P61586|true|3
Q9Y6H1|true|7
O60500|true|19
Q969T9|true|17
Q16555|false|8
P48736|false|7
Q96FA3|true|2
Q96CV9|false|10
P23443|false|17
Q8TEV9|false|17
Q14653|true|19
Q92985|true|11
Q9BRV8|true|1
P42226|true|12
P56962|false|9
Q9UHD2|false|12
Q13568|false|7
Q86WV6|true|CHR_HG1395_PATCH
Q02763|false|9
Q9Y2X7|true|17
P07333|true|5
Q8NER1|true|17
P05771-2|false|16
Q07869|false|22
P15336|true|2
Q06124|false|12
Q9H1D0|true|7
P20700|false|5
Q5T7P8|true|1
P62491|false|15
P35637|false|16
Q9UBU3|true|3
P02730|true|17
Q8IWV1|false|1
P19174|false|20
Q8WV28|true|10
P16885|false|16
P12318|false|1
Q13422|false|7
Q9GZY6|false|7
P52566|true|12
P42229|false|17
P22681|false|11
P51452|true|17
Q06187|true|X
Q8N6F7|true|3
P10636|false|17
Q13094|true|5
O14986|false|9
Q9Y6R1|false|4
P55011|false|5
Q9H2X9|false|20
Q9Y666|true|5
Q9UHW9|true|15
Q9UP95|true|16
P55017|false|16
P51617|true|X
Q9HAT8|false|14
Q9HCJ2|true|11
O76039|false|X
P04179|true|6
Q15759|true|22
Q8IW41|false|12
P17544|true|12
P13807|true|19
Q02156|false|2
Q01844|false|22
P30281|true|6
P04150|true|5
Q15303|true|2
Q6NUN9|true|7
O95202|true|4
Q8IXI2|false|17
O60260|true|6
Q13118|true|8
Q92934|true|11
Q02750|false|15
Q05639|true|20
O14974|true|12
P15531|false|17
O00303|false|11
Q13151|true|5
P04792|false|7
Q96J92|false|17
Q6JBY9|false|1
Q969V6|true|22
P63104|true|8
Q9UKV8|true|8
O95816|false|6
Q9Y580|false|11
P05783|false|12
P18615|true|6
P49137|false|1
Q07352|true|14
Q9NQC3-2|true|2
Q9UPN4|true|17
O15511|true|1
Q14134|true|11
O95453|true|16
P17844|true|17
P07101-2|true|11
Q92904|true|3
Q13546|false|6
Q13263|false|19
P33241|false|11
Q9NY61|false|17
Q07817|true|20
P49815|false|16
P35900|true|17
P27448-3|false|14
Q9Y5P4|true|5
P35241|true|11
P15311|true|6
Q04759|true|10
P35236|true|1
Q3V6T2|true|2
O95267|true|15
P01116-2|true|12
P26038|false|X
O43516|true|2
Q9Y4G8|false|4
Q13191|true|3
Q5JVS0|false|9
Q9UEW8|true|2
P32942|true|19
Q15052|true|X
P08138|false|17
Q13164|false|17
Q6PD62|false|11
P11047|false|1
Q9NUU7|false|16
P22626|true|7
P84098|false|17
P67809|false|1
Q7Z2Z1|false|15
Q9NRL2|true|14
P54132|false|15
O00716|false|6
O14757|false|11
Q14669|true|2
Q9UKI8|true|2
P49761|false|15
P07814|true|1
Q53H47|false|3
P85299|false|22
O75461|true|2
Q12789|true|16
Q5T8P6|true|13
P16989|true|12
Q27J81|false|14
P30304|true|3
P46013|true|10
Q14186|false|13
Q9UJM3|true|1
Q9BXW9|false|3
Q9UKM9|false|20
Q12888|true|15
Q14966|false|2
Q99590|true|12
Q9UQ35|false|16
Q9P2D1|false|8
Q13439|false|3
Q9UEY8|false|10
Q9BW19|false|6
P43243|false|5
P33992|false|22
Q96T58|false|1
Q5UIP0|false|2
Q96GD4|true|17
Q9NXE8|true|17
Q96PK6|false|11
Q13907|true|10
Q9H8G2|true|9
O75151|false|9
Q16143|true|5
P52272|false|19
Q15648|true|17
Q16204|true|10
Q9Y2T7|true|17
Q86WB0|true|7
P08631|false|20
P49790|true|6
Q9NWH9|true|15
O15294|false|X
Q8NG66|false|3
Q04837|false|7
P25205|true|6
O95707|false|19
P35612|true|2
Q6UB98-2|false|18
Q9H8N7|true|8
P12956|false|22
Q13257|true|4
Q13043|false|20
O75592|true|13
Q9BRD0|true|11
O60343|true|13
P36507|true|19
Q9GZR7|true|14
Q9BTD8|false|19
P39748|false|11
Q99848|true|1
P49792|false|2
Q9HC62|false|3
Q08AD1|false|1
Q9Y3Y2|false|1
Q5JSZ5|false|9
P02545|false|1
O15151|false|1
O95625|true|3
Q9UPP1|true|X
Q9H0H5|true|12
Q9UMR2|false|16
Q86UE8|false|17
Q9Y570|false|11
P84243|true|17
P27816|true|3
Q9UK53-2|false|13
Q86WR7|false|10
Q14004|false|7
Q5JTH9|true|10
Q9HAW4|true|1
Q14738|false|6
P55039|false|17
O43660|true|4
Q53F19|true|17
Q9HB96|false|6
Q96QD9|false|3
Q9BY77|true|22
P26373|false|16
P52294|true|3
Q8N4C8|false|17
P06400|false|13
P19838|false|4
Q9BXB4|true|3
Q96ST3|true|15
Q13470|false|17
Q32P44|true|11
P39880|false|7
Q16665|false|14
P61224|false|12
Q00536|false|X
P11137|false|2
P17752|true|11
O76054|false|22
Q86V87|false|8
Q5S007|false|12
Q96PU5|false|18
Q93034|false|11
Q05086-2|true|15
P10071|true|7
Q06124-2|false|12
Q7KZI7|false|11
P78348-1|false|12
Q9NRI5|false|1
P55211|true|1
P24390|true|19
Q14896|true|11
P43694|true|CHR_HG76_PATCH
Q9ULJ8|false|7
Q9NX63|true|7
P56545|true|10
P08684|true|7
Q9NYF0|false|14
Q8IYT8|true|17
Q07954|false|12
P27448|false|14
Q9NZV8|false|7
P31323|false|7
P34998-2|false|17
Q13972|true|15
O00168|false|19
Q14524|true|3
Q6J4K2|true|12
P24385|false|11
Q9NRD9|false|15
Q9Y2K6|false|9
P07550|false|5
Q9P289|false|X
Q12809|true|7
P27815|false|19
P08183|true|7
Q9BY41|true|X
P07384|false|11
O14813|true|11
P14136|true|17
P50549|true|7
Q13586|false|11
Q01860|true|6
Q9UL62|true|X
Q9H2S1|false|5
Q9UKG1|false|3
P17661|false|2
Q9Y259|true|22
O60941|true|2
P48544|false|11
Q08499-2|true|5
P48729|true|5
Q7Z2W7|false|2
Q9P0L9|true|10
P21731-2|true|19
Q8IWQ3|false|11
P00439|true|12
Q9NXR1|false|16
Q08499-7|true|5
P50402|false|X
Q13370|false|11
P17812|false|1
O95644|false|18
Q8WTQ7|false|3
Q9NS28|false|1
Q9GZX7|true|12
P07949|false|10
Q07343|false|1
Q9UJY1|false|12
Q14432|false|12
O75762|true|8
O14921|false|1
O15217|true|6
P10636-2|false|17
P47736|true|1
Q05209|false|7
Q08495|false|8
P17612|true|19
P54296|false|8
Q9Y233-2|true|6
Q9UD71|false|17
O15554|true|19
Q14847|false|17
P17655|false|1
Q99259|false|2
Q07955|true|17
Q02952|false|6
O43164|true|5
O00482|false|1
O94811|true|5
Q684P5|false|17
Q96T88|false|19
Q00059|false|10
Q9UH77|true|5
Q9Y4C1|false|2
Q8WZ42|true|2
Q92917|true|X
O60479|true|17
Q08499-6|true|5
Q09470|false|12
Q9GZU1|false|19
P62195|false|17
P53805-2|true|21
P41181|false|12
P04083|false|9
Q8N5S9|true|17
O94763|false|19
Q08493-2|true|19
O75688|false|2
P54253|true|6
P27708|false|2
P20265|false|6
O00231|false|17
Q9UII2|false|1
P04439|false|6
P62834|false|1
P05023|false|1
Q9HCR9|true|2
Q9Y6D6|true|8
Q92597|true|8
P17676|false|20
P35240|false|22
P12270|true|1
Q13576|false|5
P17542|true|1
Q14185|false|10
Q9H3Z4|false|20
P48436|false|17
P52565|true|17
O15551|true|7
Q9UH99|true|22
Q8TAE6|false|6
P41240|false|15
P06239|false|1
Q9Y6E0|true|13
Q7Z589|false|11
Q8IWU9|false|12
Q9NP97|false|20
P26599|false|19
Q01130|true|17
Q14344|true|17
P13612|false|2
O00141|true|6
P17302|false|6
Q12802|false|15
O60928|true|2
P10412|false|6
P55273|true|19
Q96P20|false|1
P05067|true|21
P05093|true|10
Q7LDG7|true|11
Q68EM7|true|16
Q14103|true|4
O43665|true|10
P15924|false|6
P21731|true|19
Q9H492|false|20
Q13535|true|3
P37802|true|1
Q9H0K1|false|11
P21980|true|20
Q9NP71|true|7
P98161|true|16
O43181|false|5
Q15746|true|3
P16144|false|17
O95295|false|1
Q15149|true|8
P55064|false|12
Q8WVI7|false|2
Q99996|false|7
Q15054|false|11
P22459|true|11
Q9HC16|false|22
P16066|false|1
P49748|false|17
O14558|true|19
P19793|false|9
Q15835|false|13
Q9NPC2|true|8
P30518|false|X
P48549|false|2
P23771|false|10
P63252|false|17
Q16790|false|9
Q16531|true|11
O76074|true|4
Q13185|false|7
Q9UMX1|false|10
Q16891|true|2
P55087|true|18
P32245|true|18
P49685|false|3
O14649|false|2
P51787|false|11
P36956|true|17
P41161|true|3
Q92837|false|10
Q07820|true|1
P49715|true|19
Q16828|true|12
Q16690|false|10
P49023-2|true|12
Q9BUB5|true|1
Q05682|false|7
Q9NYA1|false|17
Q9H8Y8|false|2
P50616|true|17
P10415|true|18
Q9NQ66|false|20
Q13950|false|6
O75030-9|false|3
Q13614|true|11
P41212|false|12
P19419|true|X
P12980|true|19
P08047|false|12
O43561-2|false|16
Q15788|false|2
Q96RK0|false|19
Q92793|true|16
Q01196-8|true|21
Q16584|true|11
Q96FF9|true|11
P17861|true|22
Q8IZP0|true|10
P35658|false|9
Q92974-2|true|1
P20339|false|3
P29590-4|false|15
Q9NRA0|false|19
Q03060|false|10
Q9UIG0|true|7
C9JLW8|true|CHR_HG1320_PATCH
P49407|true|11
P27361|true|16
P78347-2|false|7
Q14790|false|2
Q9BR01|true|22
Q9ULC4|false|CHR_HG439_PATCH
Q15366|false|12
Q8N9N5|false|16
Q16559|false|9
P63000|false|7
Q15046|true|16
O60244|true|X
P29966|false|6
Q9UHB6|true|12
Q96Q27|true|14
Q9UKX7|false|22
Q02447|true|2
P11362|true|8
O15525|true|17
P14784|true|22
P42702|true|5
P62070|true|11
Q05682-4|false|7
Q969H0|true|4
P35228|true|17
P33981|false|6
O60331|true|19
P27824|false|5
Q12931|true|16
Q92908|false|18
Q86UC2|true|6
Q9UQC2|true|11
P10828|true|3
P10301|true|19
Q92797|true|19
Q9NRF2|false|16
P53355|false|9
Q16254|false|16
Q8NET8|true|17
P41182|true|3
Q12772|false|22
O60504-2|false|8
P43364|false|X
Q14934|false|CHR_HG1_PATCH
P02686|true|18
Q9UPT5|true|17
Q8NB16|true|16
P09622|false|7
Q92918|true|19
Q16566|false|5
Q8TDC3-2|false|19
Q8IU85|false|10
Q14012|true|3
O95238|true|6
Q6U7Q0|true|6
P27707|false|4
Q99814|false|2
P53041|false|19
P56817|true|11
O43312|true|8
P06730|true|4
P11021|true|9
P08559|false|X
P29803|false|4
O00444|false|4
P61160|false|2
Q969U6|true|9
Q15468|true|1
O43303|false|16
O75410|false|8
P53779-2|true|4
P45983|false|10
P45983-2|false|10
P53779|true|4
O00329|false|1
O75716|false|2
Q9Y295|false|22
P10644|false|17
Q8ND76|false|10
Q9BXH1|true|19
O43157|true|3
Q96N67|true|1
P00338|false|11
Q5VT25|true|1
Q14790-4|false|2
Q13813|false|9
P35916|true|5
P01112|true|11
Q9Y2W1|false|1
P06396|false|9
Q9H5V8|true|3
P25098|false|11
Q12879|true|16
P52732|false|10
P30411|false|14
P19022|true|18
Q03135|false|7
P35790|true|11
P29353|true|1
Q13480|false|4
O43823|true|19
P32248|true|17
Q92945|true|19
P26010|true|12
P23246|true|1
P78347|false|7
Q93052|false|3
O15492|true|1
Q9Y371|false|1
Q9UPT8|true|19
Q9NWQ8|true|8
Q16832|false|1
Q8N556|true|4
Q13322|true|7
Q13435|false|11
Q9NYF8|true|6
O15530|false|16
Q15654|false|7
Q9Y613|true|16
P16662|false|4
O75955|true|6
P11413|true|X
Q15691|false|20
P33151|false|16
Q92556|true|7
P48167|false|4
Q13002|false|6
P29350|false|12
P51812|true|X
P07355|true|15
O75604|true|11
P15529-4|false|1
O00560|false|8
Q9ULV8|false|19
O15455|false|4
Q92734|false|3
O43490|true|4
Q8IZL8|true|17
Q9BXP5|false|7
Q96TC7|true|15
P17813|true|9
P19367|false|10
Q9UGK3|true|19
Q96P31|true|1
Q13642-1|false|X
P09327|false|2
O15162|true|3
P01889|true|6
Q9Y3Q4|true|15
P49279|false|2
P48048|true|11
P31431|true|20
P01111|true|1
Q9NZQ3|true|3
Q68CZ2|true|7
Q9UKT4|true|6
Q9NV92|false|13
P10398|false|X
Q02153|false|4
P60953-1|false|1
Q99961|true|19
P49789|true|3
Q8IXH7-4|false|20
Q15417|true|1
Q16595|false|9
P56945|true|16
P07737|true|17
Q96AC1|true|14
Q96AE4|true|1
O95297|false|1
Q96KB5|true|8
Q9NPY3|true|20
P05106|false|17
Q9H7P9|false|19
O15056|false|6
P51692|true|17
Q13905|true|9
P63010|false|17
P51809|false|X
Q12913|false|11
Q96KG7|false|5
Q9P219|true|14
P19404|false|18
P52789|false|2
P23743|false|12
P36544|false|15
P18827|true|2
Q9UKW4|true|1
P23528|true|11
P37173|false|3
Q9H2X6|true|7
P53801|true|21
P31040|false|5
O14746|true|5
O43597|true|13
P67775|true|5
P57737|true|16
Q14289|false|8
P30556|false|3
P02786|true|3
P34741|false|8
Q92558|true|6
P22001|true|1
A1X283|true|5
Q99439|false|19
Q969H4|false|1
P16591|false|5
Q00610|false|17
Q9NZC7|false|16
Q05586|false|9
Q7L0Q8|false|CHR_HG2002_PATCH
Q9BZG1|true|17
P35968|true|4
P51813|false|X
P00519-2|false|9
P14923|true|17
Q8WWM7|false|16
Q13017|false|14
P49023|true|12
Q6UN15|false|4
P08727|true|17
Q14721|true|20
Q9UN19|false|4
P11511|true|15
Q9UK17|true|1
Q9NR80-3|false|2
P50281|false|14
O43613|false|1
P12235|false|4
Q9Y6K9|false|X
P42338|true|3
Q12800|true|12
Q8TDN4|false|18
Q9H4A3|false|12
Q16620|false|9
E9PAV3|true|12
P38432|true|17
P0C0S8|false|6
O75469|false|3
O75531|false|11
Q99986|false|14
P49757|true|14
Q6STE5|true|7
P50613|false|5
P78545|false|1
Q16236|true|2
Q9NPB6|false|16
Q9H8V3|false|3
P43403|false|2
Q9UJU6|false|7
Q8N1K5|true|6
Q16539|false|6
P27348|true|2
P55196|false|6
Q15058|true|1
Q9H3D4|false|3
Q96B36|true|19
P42681|true|4
P29597|true|19
P17181|false|21
O15304|false|14
O43294|false|16
Q15633|false|12
Q6R327|true|5
Q13882|true|20
Q96P48|true|11
P09467|true|9
Q15436|true|14
O75143|false|11
P08237|false|12
P06733|true|1
Q8NFG4|true|17
Q8IVP5|true|X
O15027|true|9
Q9Y4P1|false|2
A2RUS2|false|8
O95140|false|1
Q08881|false|5
Q99952|false|2
P09038-2|false|4
P42680|true|4
Q96PY6|true|4
Q99728|true|2
P19338|true|2
Q9NTG7|true|11
Q06830|true|1
P18031|false|20
Q96R06|true|17
Q9NTI5|false|13
Q14CB8|true|10
O75122|true|3
Q14978|false|10
Q14643|false|3
Q9Y6I3|false|19
Q14202|true|X
Q9H1A4|true|2
Q8IZD2|false|7
Q02880|true|3
Q7Z3J3|false|2
Q9GZM8|false|17
P17096|false|6
Q16659|false|15
Q01581|true|5
Q9NZT2|false|20
P50570|false|19
O94761|true|8
A6NKT7|true|2
P62136|true|11
Q38SD2|false|15
O43148|false|18
P52948-2|true|11
Q9BYG3|true|2
P63279|false|16
Q09666|true|11
Q96IF1|true|14
Q13042|false|13
O94782|false|1
P04183|true|17
Q92574|true|9
O15446|false|19
Q99661|false|1
Q92993|false|11
Q5FBB7|true|3
Q01167|false|17
Q9NZJ0|false|1
P49915|false|3
P33316-2|false|15
Q5TB30|true|1
O00443|true|11
O60701|true|4
P43307|true|6
Q8IWB6|true|17
P98170|false|X
Q04637|false|3
P48200|false|15
O60566|false|15
P49459|false|X
Q08050|true|12
O94762|true|17
Q08050-2|true|12
P18754|false|1
Q14807|false|16
P15927|true|1
P0C1Z6|true|19
O43683|true|2
O00571|false|X
P26368|false|19
Q14CS0|false|8
Q14739|true|1
Q9UNZ2|true|20
Q8IX90|true|13
O15287|true|9
O60610|true|5
Q12959|true|3
P42898|true|1
Q9UPU5|true|1
Q9UJX5|false|4
Q53EZ4|false|10
Q14C86|false|9
P06748|false|5
Q9Y2I6|true|20
P22392|false|17
Q14157|false|1
O75154|false|16
Q8NCD3|true|2
Q5BJF6-3|false|9
Q9UQR0|true|X
P33316|false|15
Q16513|false|1
O00562|true|11
Q9Y2V2|true|16
P30305-2|false|20
P14635|false|5
O00311|false|1
O14773|true|11
P31350|false|2
Q9UHD8-2|false|17
Q8WWK9|false|13
Q9Y5N6|false|16
O95251|false|17
Q8TAP9|true|7
P82970|true|X
Q9UBF8|true|1
Q96JH7|true|8
Q99666|false|2
Q9H4X1|false|13
Q6PGQ7|false|13
Q9H467|true|10
Q9UJX2|true|5
Q2M2I8|true|2
P49916|false|17
O14715|true|2
P35251|true|4
P17706-2|true|18
Q9Y3Z3|true|20
Q9UJ70|false|2
O14745|false|17
P54578|false|18
P23769|true|3
Q96C19|false|1
O14980|true|2
P42166|false|12
Q14244|true|6
Q96T23|true|11
O43521-2|false|2
Q13188|true|8
Q96C36|true|1
Q06413|true|5
O43663|true|15
P33993|true|7
P22234|false|4
Q6Y7W6|false|2
Q2NKX8|true|X
P13051|false|12
Q9Y5T5|false|21
P26358|true|19
P27361-3|true|16
O00399|false|8
Q9Y4H2|true|13
Q8TF76|false|17
P17096-2|false|6
P61020|false|12
Q9H1E3|true|1
O75152|false|1
P20338|false|1
Q9H9S0|false|12
Q8NFH8|false|X
P30101|false|15
Q8NEB9|false|18
Q06481|false|11
Q96Q89|false|10
Q13976-2|false|10
O96013|false|19
O00401|true|7
P18084|true|3
P62826|false|12
Q93045|false|8
O43255|true|3
O96017|true|22
Q9UHR4|true|7
P61289|false|17
P16403|true|6
P23560|true|11
O60673|true|6
Q08289-2|false|10
P56524|true|2
P13688-8|true|19
O15084|true|3
P43250|false|5
Q15722|false|CHR_HG1_PATCH
P08069|false|15
Q9BSQ5|false|7
Q9BUL8|true|3
P17948|true|13
O43353|false|8
Q03431|false|3
P12004|true|20
P78324|false|20
Q92630|false|12
P15923|true|19
P36897|false|9
Q96SN8|true|9
P00519|false|9
Q96I25|false|10
P78527|true|8
Q96SD1|true|10
P23508|true|5
Q14191|false|8
Q9UGP5|true|10
P23025|true|9
Q9H9Q4|true|2
P13010|false|2
P16104|true|11
Q00839|true|1
O43918|false|21
P31270|true|7
Q9H4A6|true|5
Q9BQ15|false|12
Q00839-2|true|1
P49917|true|13
Q9NUW8|false|14
P22415|true|1
P55895|true|11
P55072|true|9
P52945|false|13
Q8TCS8|true|2
Q9BYX4|true|2
O15553|true|16
Q16512|false|19
Q92900|false|19
O95382|true|1
Q96RR4|true|12
P40429|false|19
P09493|false|15
Q8WUI4|true|12
P35670|true|13
Q8WYL5|true|12
Q96QB1|true|8
Q15276|false|17
O75628|false|20
Q99683|true|6
Q9UBF8-2|true|1
Q9Y3E5|true|17
Q9BST9-2|true|2
P53367|false|4
Q13671|true|11
P53367-2|false|4
P16144-2|false|17
P02686-5|true|18
P22059|true|11
O00206|false|9
P49005|true|7
P68363|true|12
P26045|true|9
P52564|false|17
P23588|false|12
P07437|false|6
Q15750|false|22
P38159|true|X
O43318|true|6
P54646|false|1
P14625|false|12
Q5SQI0|false|6
P62820|true|2
P68104|true|6
P10721|false|4
P19525|true|2
Q15172|false|1
P29317|true|1
O14493|false|7
Q7RTN6|true|17
Q13485|false|18
Q9H093|true|1
Q6UUV9|false|19
Q15831|false|19
P57059|true|21
Q14680|false|9
Q8TDC3|false|19
Q96L34|false|19
Q9Y2K2|true|11
Q9P0L2|false|1
Q9NRH2|false|3
P55327|true|8
Q155Q3-2|false|11
Q99689|true|11
Q155Q3|false|11
P11216|false|20
Q6PHR2|true|15
Q9NQT8|true|8
Q7L804|true|10
Q9H4P4|true|12
P46939|false|6
Q6WKZ4-3|true|8
O60829|false|X
O00213|true|11
Q9UN36|true|14
Q92542|false|1
P14672|false|17
Q9Y2I7|false|2
P45985|false|17
P42858|false|4
Q9Y5X2|true|7
Q9NZQ7|false|9
P52655|true|14
Q15545|true|5
O43768|true|1
Q9UL17|false|17
P55317|true|14
Q6P1J9|false|1
Q9C0H9-5|true|17
Q13573|true|14
Q6ZUJ8|true|10
P46108|true|17
Q14498|true|20
P16333|false|3
Q9Y6N7|true|3
P15498|false|19
P17275|false|19
O14818|true|20
P17931|false|14
Q03468|true|10
P15391|false|16
O15269|true|9
O94916|false|16
P07203|true|3
Q15118|false|2
O95433|false|14
Q92731|true|14
P55081|true|15
Q9UBU7|false|7
O75475|true|9
Q9NS91|true|3
Q00653|false|10
P58012|true|3
P49768|false|14
O95271|false|8
Q9NRR4|true|5
Q07812|false|19
Q96KS0|false|19
Q9UKA4|false|13
Q9NW38|true|2
O95997|false|5
Q9Y2X9|true|1
Q9BZS1|true|X
O43602-2|true|X
P22670|true|19
Q15853|false|19
P24864|false|19
Q9BPU6|false|2
Q96F46|false|22
P21796|true|5
O60346|false|18
O43623|true|8
Q9BXF6|true|2
P20393|true|17
Q9UKT5|false|5
Q9NRD5|false|22
O75952|false|18
Q9HB09|false|19
Q99626|true|13
Q14195|true|5
Q9Y6H5|false|5
P10914|true|5
Q9H0Z9|false|20
Q01201|false|19
P30279|false|12
P12524|true|1
P16401|true|6
Q14494|false|17
O00327|false|11
Q13887|false|13
O15516|true|4
P53805|true|21
Q16611|true|6
Q96T51|false|CHR_HG30_PATCH
P62258|true|17
O43852|false|7
Q15599|false|16
Q02363|false|2
Q9Y463|true|19
O75533|true|2
Q9NP31|true|1
Q9H204|false|4
P20963|true|1
Q9BWW4|true|1
P20138|false|19
Q8IVM0|false|3
P16284|true|17
P52630|true|12
Q13291|true|1
Q13444|false|1
P24666|false|2
Q96LC7|true|19
Q495A1|false|3
O14543|true|17
Q15637|true|11
Q9BSJ6|false|17
Q12933|false|9
O14519|true|12
P15172|false|11
O43464|false|2
P53778|true|22
P45983-3|false|10
Q9HBY8|false|20
Q05513|false|1
Q96BR1|false|8
Q9Y243|true|1
P46734|false|17
Q8IUQ4|true|16
Q9Y3F4|false|12
Q969S3|true|5
P34947|false|10
P50502|true|22
Q99801|true|8
O75061|false|1
P62280|false|19
P46459|false|17
P62841|false|19
Q13155|false|7
P19634|true|1
Q99958|false|16
Q8WYK2|false|14
P78356|true|17
P21462|true|19
Q9UBK2|true|4
P21397|false|X
Q9UK80|false|1
Q9NQU5|false|15
Q06413-3|true|5
P42574|true|4
P06702|false|1
Q8NHW3|true|8
Q9BR76|true|11
P42566|true|1
O60381|false|7
P42677|false|1
Q92993-2|false|11
Q15075|true|12
P13726|true|1
P13473|true|X
Q8TE85|false|1
Q06330|false|4
Q9C026-5|true|14
Q9H1K0|true|3
P02511|true|11
O15198|true|13
O43257|false|7
Q13309|false|5
P18850|false|1
Q96CW1|false|3
P07332|false|15
O95471|true|17
Q99558|true|17
Q9BUZ4|false|17
Q9Y261|true|20
Q676U5|false|2
Q8N3F0|false|7
P42345|true|1
Q86VP1-2|false|7
P20749|false|19
Q04864|false|2
Q08999|false|16
P62324|true|12
P13639|true|19
Q9H211|false|16
O75179|true|4
Q5JTZ9|true|6
P78317|false|4
Q13352|true|1
Q8WYH8|false|2
Q99607|true|X
Q15554|true|16
Q9NSV4|true|13
P28324|true|1
P12268|true|3
P12272|true|12
Q99741|false|17
Q92698|false|1
Q15813|false|1
Q53GL7|true|8
Q53ET0|true|1
P31943|true|5
Q99708|false|18
Q9NYB0|false|16
A1KXE4|true|2
Q13330|false|14
Q96E09|false|9
Q6P1N0|false|19
Q53H80|true|6
P54198|true|22
Q9Y2K7|false|11
Q14207|true|11
P30050|true|9
Q9UM11|false|19
Q9H425|true|1
Q9NP87|true|7
P33991|false|8
Q9BXR0|false|19
Q9H2G4|false|X
O60271|true|17
Q05516|false|11
P29374|false|14
Q9ULX3|true|16
Q9NRH3|false|17
Q86T82|true|2
Q86XL3|true|12
Q9H3P2|true|4
Q9UKY1|true|8
P08621|false|19
Q8WXE1|false|3
Q13416|true|2
Q96II8|false|3
Q02535|true|1
Q9Y676|false|6
Q13415|true|1
Q8IXM2|false|17
P28749|true|20
Q92547|true|3
Q92785|false|11
Q0VD86|true|17
Q02539|true|6
P52948|true|11
P62913|false|1
Q9C0C2|true|11
P38919|true|17
Q9Y253|false|6
Q9C0C9|true|17
P23258|false|17
O14686|true|12
Q13242|true|12
P48634|false|6
P20248|true|4
Q71UM5|true|15
O15014|false|15
O14497|false|1
Q9H910|false|16
Q7KZ85|false|17
Q12948|false|6
Q6UB35|false|6
Q15047|false|1
O60934|true|8
Q8NBZ0|false|16
Q9UPN3|false|1
Q03252|true|19
Q9UIF9|true|12
Q8WUM0|true|1
Q2NL82|true|17
P22674|true|5
Q9P2B4|false|1
O75616|false|17
P55795|false|X
Q9P270|false|4
Q9H6K1|true|6
Q9C0D5|false|2
P51649|false|6
Q8IXJ6-2|true|19
Q5JTV8|false|1
Q8TAP6|true|18
Q9NQB0|false|10
O14638|false|6
P35520|true|21
Q9Y210|true|11
Q96D31|false|12
Q13507-3|true|4
P41220|false|1
P48995|false|3
Q13976|false|10
Q03393|false|11
Q76M96|true|3
P50548|true|19
Q15418|false|1
Q9NVD7|false|11
Q02224|true|4
P30041|false|1
Q9BY84|true|12
Q07889|true|2
Q96EP5|false|19
O95600|false|X
P84022|false|15
Q9NZ72|true|20
P15923-2|true|19
Q96RS0|false|8
Q5JQC9|true|X
P01100|false|14
P19878|true|1
Q15700|true|11
P37231|false|3
Q08499-5|true|5
Q5T447|true|1
P07196|true|8
Q9BTL3|false|15
Q96LC9|true|15
P00558|false|X
P11308|true|21
P47712|false|1
Q7L5N1|false|7
Q14686|true|20
Q07343-2|false|1
P46695|true|6
P49841-2|true|3
Q9Y4H4|true|6
Q8IYM1|true|16
P60981|false|20
Q04912|true|3
Q13627|false|21
Q96S94|true|1
Q52LA3|false|14
Q05193|false|9
P51608|true|X
P51956|true|13
O95721|false|22
O14744|true|14
O60674|false|9
P41597|false|3
Q92888|false|19
Q14814|true|1
Q9BQA1|true|1
Q92879|true|11
O43791|true|17
Q03167|true|1
Q9H3D4-2|false|3
Q92599|true|5
O60229|false|3
P25685|true|19
Q15382|true|7
Q9UIK4|true|15
P24723|false|14
P09211|false|11
O60563|true|12
Q96BK5|true|8
O95613|false|21
Q7L2Z9|false|6
Q9Y6D9|true|7
Q15022|false|17
Q9BVS4|true|5
O00139|false|5
O60216|true|8
Q9UJX3|true|12
O75170|false|22
Q8TCG1|true|3
Q9UBW7|false|13
Q8N4N8|false|17
Q3KR16|false|12
Q9NS56|true|9
Q9BQQ3|true|3
Q9UBB4|false|22
Q13127|false|4
Q76N32|false|2
Q15435|false|2
Q6IBW4|false|22
Q71F23|true|4
Q9Y266|false|1
Q8TEP8|false|18
Q99640|true|16
Q92994|true|14
O95425|true|10
Q9Y2Z0|false|13
Q9Y265|true|3
P30626|true|7
Q2M2Z5|false|20
Q15078|false|17
P14416|true|11
Q13136|false|11
Q8IWU2|false|7
P47989|true|2
Q13794|false|18
Q16643|true|5
Q99490-2|true|12
Q96KR7|false|20
Q9UKV5|true|16
P04156|false|20
Q13315|false|11
O15169|true|16
Q9Y490|true|9
Q99719-2|false|22
Q15833|false|19
Q99828|true|15
P15976|false|X
Q9P286|true|20
O95551|true|6
O14936|true|X
P58400-1|true|2
P22607|false|4
Q9NVP2|true|19
Q9Y294|false|6
O15264|false|6
Q9ULV5|false|16
P56192|false|12
P07948|false|8
Q9UHP3|false|21
P61587|true|2
Q9NRY4|false|19
Q8N264|false|4
O60237|false|1
O43293|true|19
Q9UPT6|false|16
Q01955|false|2
P32929|false|1
P32298|false|4
Q9BV73|false|20
P14618-2|true|15
P12814|true|14
P23634-6|false|1
Q14451|false|17
O75962|false|5
P54753|false|3
O95071|true|8
Q2M1Z3|false|3
Q9H6Z4|true|19
Q8TB45|false|8
Q05195|false|2
P78371|false|12
Q53EL6|false|10
O14727|false|12
Q9UBP6|true|12
Q92882|false|9
P25101|false|4
P41143|false|1
P08172|false|7
O95398-3|true|12
P09497|true|5
Q9Y2W7|false|2
Q96A54|true|1
P43246|false|2
P52333|true|19
Q9H4E7|false|6
Q8TDQ0|true|5
P07947|true|18
P08575|false|1
Q13163|false|15
Q9P1Z0|true|17
Q01196|true|21
P57682|false|4
O15297|false|17
O00257|true|17
Q9UL54|false|16
P00441|false|21
P55199|true|19
Q9H8M2|true|5
Q641Q2|false|10
Q9P2Y5|false|11
P19484|true|6
Q9H4L4|false|17
Q8IYB3|false|1
P51397|true|5
Q9NQG5|false|20
Q9UPY5|true|4
Q86TB9|true|11
O96018|true|19
Q8NHG8|false|7
O95747|false|3
Q9H1K1|false|12
Q9BRS8|true|15
Q9BPZ7|true|9
Q9Y6W6|true|1
Q9C0C7|true|11
Q5T4S7|true|1
Q9H5H4|true|16
Q9H063|false|8
Q9Y2J4|true|3
O95235|false|5
Q08345|false|6
Q96AP0|true|16
P55316|false|14
P98177|false|X
Q13009|true|21
Q12968|false|16
Q6IE81|false|4
Q9NRF8|true|X
P62745|false|2
Q9H6E5|true|11
P56537|true|20
P42892|true|1
O14503|false|3
Q5VWQ8|false|9
P46379|true|6
O75449|true|6
P43686|false|19
O43684|false|10
Q12834|false|1
Q9HAW7|false|2
O75689|true|7
Q86XR7|true|5
Q14145|true|19
P04899|false|3
O94925-3|false|2
P46940|false|15
P05091|false|12
P23975|false|16
Q5JXC2|false|1
Q16612|true|5
P17252|false|17
Q7L9L4|false|4
Q9H4B6|true|14
Q9H8S9|true|2
P51955|true|1
O00161|false|15
P05771|false|16
P42771|true|9
Q8WVB6|false|16
Q9Y248|true|16
Q9Y285|true|19
Q9UFW8|true|3
Q8IYD8|false|14
Q9NZC9|false|2
Q14683|true|X
Q8IX01|true|19
O75943|false|5
Q03164|false|11
Q7Z6Z7|true|X
Q9NZN8|false|12
Q9BUG6|true|19
O94880|false|7
Q8N4S0|true|11
Q13098|false|17
O43542|true|14
P40692|false|3
Q8TAQ2|true|12
Q8N163|false|8
P49006|true|1
Q92673|false|11
O75116|true|2
Q99962|false|9
O15111|true|10
Q9BYV9|true|6
Q92519|false|2
Q16873|false|5
Q09161|false|9
Q9GZT9|true|1
P33778|true|6
Q96QT4|true|15
P28289|false|9
Q12866|false|2
Q9BY11|false|6
P36871|false|1
P51114|false|3
P19086|false|22
Q13418|false|11
Q13233|false|5
Q99426|false|19
P18669|false|10
Q9Y6X9|true|22
Q15365|false|2
P63167|false|12
Q70Z35|false|8
Q8IYU2|true|6
P62805|true|12
Q9BX84|true|9
O94913|false|11
P06213-2|true|19
Q99704|false|2
Q92569|true|1
P06213|true|19
P35232|true|17
P46937-3|false|11
P55957|true|22
Q9UQF2|false|11
P61981|true|7
Q99523|true|1
Q9P0J1|false|8
P24752|false|11
O75460|true|17
P51681|false|3
P30874|false|17
P41146|false|20
Q96J02|false|20
Q13045|true|17
Q9NVI1|false|15
Q96S59|true|6
Q7LG56|true|8
Q9H2K8|true|12
Q96RU2|true|11
Q96J02-2|false|20
Q6PCD5|true|16
Q9UQR1|true|3
Q96T60|true|19
Q9NS23|true|3
Q8IY92|true|16
Q6UWZ7|true|4
Q8NHY2|true|1
O75150|false|16
Q5VTR2|false|9
O15355|true|2
Q14839|true|12
Q9NQS1|true|15
O00255-2|true|11
Q8TAQ5|false|19
O96028|false|4
P15374|false|13
Q70CQ2|true|2
Q8N680|true|6
Q7L7X3|false|17
Q9BUR4|false|17
P37275|false|10
P11166|true|1
Q969R5|false|22
Q9Y4E8|false|12
Q8IW19|false|2
Q14161|true|12
Q5XUX0|true|16
Q8WVD3|false|18
Q92878|false|5
Q15910-2|true|7
Q9NZM5|false|19
O43504|true|1
P51532|false|19
Q03111|true|19
Q9HB75|true|11
Q15109|true|6
Q86U86|true|3
Q99504|true|1
P50542|false|CHR_HG1398_PATCH
P04629-2|false|1
P04629|false|1
Q8NEV4|false|10
P30419|false|17
O15117|true|5
O75051|true|1
Q01628|true|11
P07766|false|11
Q86WV1|true|17
Q9UIW2|false|3
P11137-3|false|2
O75886|true|2
Q8TDQ1|true|17
Q15858|true|2
P35354|true|1
Q14254|true|17
P31994|false|1
Q9NPH5|true|11
O14522-1|true|20
Q9NQC3|true|2
Q15762|true|18
Q9NZA1|true|6
A8K4G0|true|17
Q53HL2|false|1
P38646|true|5
Q96PE2|false|11
Q96E14|false|16
P41145|true|8
Q5NUL3-2|false|10
P09758|true|1
Q9BR39|true|20
O94992|false|17
Q15080|false|22
P08253|false|16
Q9H3Q1|true|17
Q96RI1-2|false|12
O95243|true|3
P36542|false|10
P60880|false|20
Q8NF50|false|9
Q15311|false|18
Q99418|false|19
P16150|false|16
P16671|false|7
Q9Y6H6|true|11
Q16658|false|7
P21359-2|false|17
O94806|true|2
Q8N726|true|9
P01589|true|10
Q9Y624|true|1
Q13303|false|1
P29972|false|7
P01730|false|12
P21399|false|9
Q96PY5-3|false|2
P35398|true|15
Q05940|false|10
O15519-2|false|2
Q03721|false|1
P11234|false|2
Q9BQE3|false|12
Q14994|true|1
P35869|false|7
P48050|true|22
O15519|false|2
Q92681|false|1
P81274|false|1
Q96MS0|false|11
Q01959|true|5
Q96T49|false|20
P41180|false|3
Q8NFA2-3|true|16
P10599|true|9
P45379|true|1
Q8N0W4|true|X
P08567|false|2
P09693|false|11
P41091|false|X
Q12791|true|10
P43119|true|19
Q01995|false|11
Q9C0K0|true|14
Q01954|true|15
Q9HAN9|false|1
P22460|false|12
Q96AX2|false|17
Q8TDY4|true|1
Q9NQC7|false|16
P19438|true|12
P21580|false|6
O95999|true|1
Q9NP80|true|7
P98179|false|X
Q8NEM2|true|16
Q99879|false|6
Q93079|false|6
Q96K21|false|15
P58876|false|6
P23527|false|6
P35659|true|6
P62807|true|6
Q9H410|true|20
Q53SF7|true|2
Q8NEY8|false|12
P05204|false|1
Q08J23|true|5
Q02241-2|false|15
Q9H6F5|false|11
Q16778|true|1
P46778|false|13
Q9H788|false|8
Q8NG31|false|15
Q69YH5|false|8
Q96CF2|false|8
O60814|true|6
Q99877|false|6
Q8WYJ6|true|16
P46783|true|6
Q9Y2R4|true|17
P06899|true|6
Q5T5U3|true|10
P45973|true|12
Q5QNW6|true|1
Q8IVT2|false|19
Q9P227|false|17
Q6NZI2|true|17
Q9Y5B9|true|14
P62917|true|8
Q9NYP9|true|21
Q9BW61|false|19
Q9NP77|true|1
O00566|false|2
Q9NQZ2|false|4
O15523|false|Y
Q8TE77|false|11
Q96E39|true|1
O76021|true|16
Q15349|true|6
Q8N137|false|17
P36873|true|12
Q92997|false|3
Q96CN5|false|17
Q9UNQ0|true|4
Q8IVH8|true|2
Q9GZV9|true|12
P23327|true|19
P54764|true|2
Q9UKV3|true|14
Q99538|true|14
O43541|false|15
Q13555|true|10
Q9NRA8|true|22
P54259|false|12
P31947|false|1
P17535|true|19
P85298|false|22
Q9NR28|true|12
Q8WYQ5|false|22
Q96FI4|false|15
Q12904|false|4
Q8N6T7|true|19
Q7KZF4|false|7
P31946|false|20
Q9NPI6|true|3
Q9H2B2|true|18
Q16621|true|12
Q04656|false|X
Q13835|false|1
Q9Y3M2|false|22
Q14315|false|7
Q96F86|true|15
Q9GZV1|false|10
Q86YS7|true|12
Q7Z6J0|true|4
P30405|false|10
P28799|false|17
P35548|false|5
Q9P2D0|true|6
P11171-4|false|1
P14679|false|11
Q12906|false|19
Q96RG2|true|2
Q96S44|true|20
Q8TDX7|false|1
Q8TD19|true|14
Q9HC98|false|9
P10916|true|12
Q14155|false|13
P36888|true|13
Q9BWF3|false|11
Q9Y5S9|true|1
O43175|false|1
Q15831-2|false|19
O43315|false|15
Q8N2W9|false|19
Q9UJZ1|true|9
P78563|false|21
Q15466|true|1
P55040|true|8
Q9UPZ9|true|6
Q96JJ3|true|20
P21802|true|10
O15119|true|12
O14733|false|19
Q9UM73|true|2
P31939|false|2
P52735|true|9
Q8NFJ5|false|12
P40818|false|15
O00767|false|10
Q96TA1|true|9
O00291|true|7
Q14164|false|1
Q92952|false|19
P37231-2|false|3
Q53QZ3|false|2
P55210|false|10
Q8TD08|false|8
P18848|false|22
Q8N4X5|true|10
P29375|true|12
Q2PPJ7|true|20
Q9UGI0|false|10
O75030|false|3
P61247|false|4
P49918|true|11
Q9BVI0|false|20
Q96BF3|true|19
P49760|true|1
Q9BRQ0|true|1
Q9Y283|false|9
P84103|false|6
Q92794|true|8
Q9Y3C5|false|1
Q15027|false|17
Q13107|true|3
P53365|true|11
Q9P0N9|true|6
Q9NPC1|false|CHR_HG1_PATCH
P41279|false|10
Q16763|true|19
P29401|true|3
Q9BWT1|false|2
Q15942|false|7
Q8IYJ3|false|1
Q86VP3|false|14
P21453|false|1
Q9NWV8|false|19
Q71DI3|true|1
P78362|true|7
Q96KG9|false|11
Q99502|true|8
Q9BZQ8|true|1
Q96HP0|true|19
P62424|false|9
P45880|false|10
Q15121|false|1
P53804|false|21
P09601|false|22
Q7Z5H3|true|10
P32927|false|22
Q9Y6Y9|false|8
Q9H792|true|15
Q12972|false|1
Q16821|true|7
P32314|false|2
P48764|true|5
Q7L0J3|true|1
P58753|false|11
Q9UJV9|true|5
Q9NWZ3|false|12
Q9NYL2|false|2
Q9Y6R4|false|6
P55212|true|4
