Family,name,name_human,uniprot,mass
AGC_Ser/Thr,AKT1,AKT1_HUMAN,P31749,55.686
AGC_Ser/Thr,AKT2,AKT2_HUMAN,P31751,55.769
AGC_Ser/Thr,AKT3,AKT3_HUMAN,Q9Y243,55.775
AGC_Ser/Thr,CDC42BPA,MRCKA_HUMAN,Q5VT25,197.307
AGC_Ser/Thr,CDC42BPB,MRCKB_HUMAN,Q9Y5S2,194.315
AGC_Ser/Thr,CDC42BPG,MRCKG_HUMAN,Q6DT37,172.459
AGC_Ser/Thr,CIT,CTRO_HUMAN,O14578,231.431
AGC_Ser/Thr,DMPK,DMPK_HUMAN,Q09013,69.385
AGC_Ser/Thr,GRK1,GRK1_HUMAN,Q15835,63.526
AGC_Ser/Thr,GRK2,ARBK1_HUMAN,P25098,79.574
AGC_Ser/Thr,GRK3,ARBK2_HUMAN,P35626,79.710
AGC_Ser/Thr,GRK4,GRK4_HUMAN,P32298,66.583
AGC_Ser/Thr,GRK5,GRK5_HUMAN,P34947,67.787
AGC_Ser/Thr,GRK6,GRK6_HUMAN,P43250,65.991
AGC_Ser/Thr,GRK7,GRK7_HUMAN,Q8WTQ7,62.212
AGC_Ser/Thr,LATS1,LATS1_HUMAN,O95835,126.870
AGC_Ser/Thr,LATS2,LATS2_HUMAN,Q9NRM7,120.136
AGC_Ser/Thr,MAST1,MAST1_HUMAN,Q9Y2H9,170.677
AGC_Ser/Thr,MAST2,MAST2_HUMAN,Q6P0Q8,196.436
AGC_Ser/Thr,MAST3,MAST3_HUMAN,O60307,143.137
AGC_Ser/Thr,MAST4,MAST4_HUMAN,O15021,284.097
AGC_Ser/Thr,MASTL,GWL_HUMAN,Q96GX5,97.319
AGC_Ser/Thr,PDPK1,PDPK1_HUMAN,O15530,63.152
AGC_Ser/Thr,PDPK2P,PDPK2_HUMAN,Q6A1A2,44.765
AGC_Ser/Thr,PKN1,PKN1_HUMAN,Q16512,103.932
AGC_Ser/Thr,PKN2,PKN2_HUMAN,Q16513,112.035
AGC_Ser/Thr,PKN3,PKN3_HUMAN,Q6P5Z2,99.421
AGC_Ser/Thr,PRKACA,KAPCA_HUMAN,P17612,40.590
AGC_Ser/Thr,PRKACB,KAPCB_HUMAN,P22694,40.623
AGC_Ser/Thr,PRKACG,KAPCG_HUMAN,P22612,40.434
AGC_Ser/Thr,PRKCA,KPCA_HUMAN,P17252,76.750
AGC_Ser/Thr,PRKCB,KPCB_HUMAN,P05771,76.869
AGC_Ser/Thr,PRKCD,KPCD_HUMAN,Q05655,77.505
AGC_Ser/Thr,PRKCE,KPCE_HUMAN,Q02156,83.674
AGC_Ser/Thr,PRKCG,KPCG_HUMAN,P05129,78.448
AGC_Ser/Thr,PRKCH,KPCL_HUMAN,P24723,77.828
AGC_Ser/Thr,PRKCI,KPCI_HUMAN,P41743,68.262
AGC_Ser/Thr,PRKCQ,KPCT_HUMAN,Q04759,81.865
AGC_Ser/Thr,PRKCZ,KPCZ_HUMAN,Q05513,67.660
AGC_Ser/Thr,PRKG1,KGP1_HUMAN,Q13976,76.364
AGC_Ser/Thr,PRKG2,KGP2_HUMAN,Q13237,87.432
AGC_Ser/Thr,PRKX,PRKX_HUMAN,P51817,40.896
AGC_Ser/Thr,PRKY,PRKY_HUMAN,O43930,31.708
AGC_Ser/Thr,ROCK1,ROCK1_HUMAN,Q13464,158.175
AGC_Ser/Thr,ROCK2,ROCK2_HUMAN,O75116,160.900
AGC_Ser/Thr,RPS6KA1,KS6A1_HUMAN,Q15418,82.723
AGC_Ser/Thr,RPS6KA2,KS6A2_HUMAN,Q15349,83.239
AGC_Ser/Thr,RPS6KA3,KS6A3_HUMAN,P51812,83.736
AGC_Ser/Thr,RPS6KA4,KS6A4_HUMAN,O75676,85.606
AGC_Ser/Thr,RPS6KA5,KS6A5_HUMAN,O75582,89.865
AGC_Ser/Thr,RPS6KA6,KS6A6_HUMAN,Q9UK32,83.872
AGC_Ser/Thr,RPS6KB1,KS6B1_HUMAN,P23443,59.140
AGC_Ser/Thr,RPS6KB2,KS6B2_HUMAN,Q9UBS0,53.455
AGC_Ser/Thr,SGK1,SGK1_HUMAN,O00141,48.942
AGC_Ser/Thr,SGK2,SGK2_HUMAN,Q9HBY8,47.604
AGC_Ser/Thr,SGK3,SGK3_HUMAN,Q96BR1,57.108
AGC_Ser/Thr,STK38,STK38_HUMAN,Q15208,54.190
AGC_Ser/Thr,STK38L,ST38L_HUMAN,Q9Y2H1,54.003
CAMK_Ser/Thr,BRSK1,BRSK1_HUMAN,Q8TDC3,85.087
CAMK_Ser/Thr,BRSK2,BRSK2_HUMAN,Q8IWQ3,81.633
CAMK_Ser/Thr,CAMK1,KCC1A_HUMAN,Q14012,41.337
CAMK_Ser/Thr,CAMK1D,KCC1D_HUMAN,Q8IU85,42.914
CAMK_Ser/Thr,CAMK1G,KCC1G_HUMAN,Q96NX5,53.087
CAMK_Ser/Thr,CAMK2A,KCC2A_HUMAN,Q9UQM7,54.088
CAMK_Ser/Thr,CAMK2B,KCC2B_HUMAN,Q13554,72.678
CAMK_Ser/Thr,CAMK2D,KCC2D_HUMAN,Q13557,56.369
CAMK_Ser/Thr,CAMK2G,KCC2G_HUMAN,Q13555,62.607
CAMK_Ser/Thr,CAMK4,KCC4_HUMAN,Q16566,51.926
CAMK_Ser/Thr,CAMKV,CAMKV_HUMAN,Q8NCB2,54.354
CAMK_Ser/Thr,CASK,CSKP_HUMAN,O14936,105.123
CAMK_Ser/Thr,CHEK1,CHK1_HUMAN,O14757,54.434
CAMK_Ser/Thr,CHEK2,CHK2_HUMAN,O96017,60.915
CAMK_Ser/Thr,DAPK1,DAPK1_HUMAN,P53355,160.046
CAMK_Ser/Thr,DAPK2,DAPK2_HUMAN,Q9UIK4,42.898
CAMK_Ser/Thr,DAPK3,DAPK3_HUMAN,O43293,52.536
CAMK_Ser/Thr,DCLK1,DCLK1_HUMAN,O15075,82.224
CAMK_Ser/Thr,DCLK2,DCLK2_HUMAN,Q8N568,83.606
CAMK_Ser/Thr,DCLK3,DCLK3_HUMAN,Q9C098,73.814
CAMK_Ser/Thr,HUNK,HUNK_HUMAN,P57058,79.686
CAMK_Ser/Thr,KALRN,KALRN_HUMAN,O60229,340.261
CAMK_Ser/Thr,MAPKAPK2,MAPK2_HUMAN,P49137,45.568
CAMK_Ser/Thr,MAPKAPK3,MAPK3_HUMAN,Q16644,42.987
CAMK_Ser/Thr,MAPKAPK5,MAPK5_HUMAN,Q8IW41,54.220
CAMK_Ser/Thr,MARK1,MARK1_HUMAN,Q9P0L2,89.003
CAMK_Ser/Thr,MARK2,MARK2_HUMAN,Q7KZI7,87.911
CAMK_Ser/Thr,MARK3,MARK3_HUMAN,P27448,84.429
CAMK_Ser/Thr,MARK4,MARK4_HUMAN,Q96L34,82.520
CAMK_Ser/Thr,MELK,MELK_HUMAN,Q14680,74.642
CAMK_Ser/Thr,MKNK1,MKNK1_HUMAN,Q9BUB5,51.342
CAMK_Ser/Thr,MKNK2,MKNK2_HUMAN,Q9HBH9,51.875
CAMK_Ser/Thr,MYLK,MYLK_HUMAN,Q15746,210.715
CAMK_Ser/Thr,MYLK2,MYLK2_HUMAN,Q9H1R3,64.685
CAMK_Ser/Thr,MYLK3,MYLK3_HUMAN,Q32MK0,88.393
CAMK_Ser/Thr,MYLK4,MYLK4_HUMAN,Q86YV6,44.508
CAMK_Ser/Thr,NIM1K,NIM1_HUMAN,Q8IY84,49.606
CAMK_Ser/Thr,NUAK1,NUAK1_HUMAN,O60285,74.305
CAMK_Ser/Thr,NUAK2,NUAK2_HUMAN,Q9H093,69.612
CAMK_Ser/Thr,OBSCN,OBSCN_HUMAN,Q5VST9,868.484
CAMK_Ser/Thr,PASK,PASK_HUMAN,Q96RG2,142.929
CAMK_Ser/Thr,PHKG1,PHKG1_HUMAN,Q16816,45.024
CAMK_Ser/Thr,PHKG2,PHKG2_HUMAN,P15735,46.442
CAMK_Ser/Thr,PIM1,PIM1_HUMAN,P11309,35.686
CAMK_Ser/Thr,PIM2,PIM2_HUMAN,Q9P1W9,34.190
CAMK_Ser/Thr,PIM3,PIM3_HUMAN,Q86V86,35.891
CAMK_Ser/Thr,PNCK,KCC1B_HUMAN,Q6P2M8,38.500
CAMK_Ser/Thr,PRKAA1,AAPK1_HUMAN,Q13131,64.009
CAMK_Ser/Thr,PRKAA2,AAPK2_HUMAN,P54646,62.320
CAMK_Ser/Thr,PRKD1,KPCD1_HUMAN,Q15139,101.704
CAMK_Ser/Thr,PRKD2,KPCD2_HUMAN,Q9BZL6,96.722
CAMK_Ser/Thr,PRKD3,KPCD3_HUMAN,O94806,100.471
CAMK_Ser/Thr,PSKH1,KPSH1_HUMAN,P11801,48.035
CAMK_Ser/Thr,PSKH2,KPSH2_HUMAN,Q96QS6,43.027
CAMK_Ser/Thr,SIK1,SIK1_HUMAN,P57059,84.902
CAMK_Ser/Thr,SIK1B,SIK1B_HUMAN,A0A0B4J2F2,84.930
CAMK_Ser/Thr,SIK2,SIK2_HUMAN,Q9H0K1,103.915
CAMK_Ser/Thr,SIK3,SIK3_HUMAN,Q9Y2K2,144.851
CAMK_Ser/Thr,SNRK,SNRK_HUMAN,Q9NRH2,84.276
CAMK_Ser/Thr,SPEG,SPEG_HUMAN,Q15772,354.289
CAMK_Ser/Thr,STK11,STK11_HUMAN,Q15831,48.636
CAMK_Ser/Thr,STK17A,ST17A_HUMAN,Q9UEE5,46.558
CAMK_Ser/Thr,STK17B,ST17B_HUMAN,O94768,42.344
CAMK_Ser/Thr,STK33,STK33_HUMAN,Q9BYT3,57.831
CAMK_Ser/Thr,STK40,STK40_HUMAN,Q8N2I9,49.001
CAMK_Ser/Thr,TRIB1,TRIB1_HUMAN,Q96RU8,41.009
CAMK_Ser/Thr,TRIB2,TRIB2_HUMAN,Q92519,38.801
CAMK_Ser/Thr,TRIB3,TRIB3_HUMAN,Q96RU7,39.578
CAMK_Ser/Thr,TRIO,TRIO_HUMAN,O75962,346.900
CAMK_Ser/Thr,TSSK1B,TSSK1_HUMAN,Q9BXA7,41.618
CAMK_Ser/Thr,TSSK2,TSSK2_HUMAN,Q96PF2,40.939
CAMK_Ser/Thr,TSSK3,TSSK3_HUMAN,Q96PN8,30.102
CAMK_Ser/Thr,TSSK4,TSSK4_HUMAN,Q6SA08,37.454
CAMK_Ser/Thr,TSSK6,TSSK6_HUMAN,Q9BXA6,30.331
CAMK_Ser/Thr,TTN,TITIN_HUMAN,Q8WZ42,3.816.030
CK1_Ser/Thr,CSNK1A1,KC1A_HUMAN,P48729,38.915
CK1_Ser/Thr,CSNK1A1L,KC1AL_HUMAN,Q8N752,39.086
CK1_Ser/Thr,CSNK1D,KC1D_HUMAN,P48730,47.330
CK1_Ser/Thr,CSNK1E,KC1E_HUMAN,P49674,47.315
CK1_Ser/Thr,CSNK1G1,KC1G1_HUMAN,Q9HCP0,48.511
CK1_Ser/Thr,CSNK1G2,KC1G2_HUMAN,P78368,47.457
CK1_Ser/Thr,CSNK1G3,KC1G3_HUMAN,Q9Y6M4,51.389
CK1_Ser/Thr,TTBK1,TTBK1_HUMAN,Q5TCY1,142.737
CK1_Ser/Thr,TTBK2,TTBK2_HUMAN,Q6IQ55,137.412
CK1_Ser/Thr,VRK1,VRK1_HUMAN,Q99986,45.476
CK1_Ser/Thr,VRK2,VRK2_HUMAN,Q86Y07,58.141
CK1_Ser/Thr,VRK3,VRK3_HUMAN,Q8IV63,52.881
CMGC_Ser/Thr,CDK1,CDK1_HUMAN,P06493,34.095
CMGC_Ser/Thr,CDK10,CDK10_HUMAN,Q15131,41.038
CMGC_Ser/Thr,CDK11A,CD11A_HUMAN,Q9UQ88,91.362
CMGC_Ser/Thr,CDK11B,CD11B_HUMAN,P21127,92.620
CMGC_Ser/Thr,CDK12,CDK12_HUMAN,Q9NYV4,164.155
CMGC_Ser/Thr,CDK13,CDK13_HUMAN,Q14004,164.923
CMGC_Ser/Thr,CDK14,CDK14_HUMAN,O94921,53.057
CMGC_Ser/Thr,CDK15,CDK15_HUMAN,Q96Q40,49.023
CMGC_Ser/Thr,CDK16,CDK16_HUMAN,Q00536,55.716
CMGC_Ser/Thr,CDK17,CDK17_HUMAN,Q00537,59.582
CMGC_Ser/Thr,CDK18,CDK18_HUMAN,Q07002,54.424
CMGC_Ser/Thr,CDK19,CDK19_HUMAN,Q9BWU1,56.802
CMGC_Ser/Thr,CDK2,CDK2_HUMAN,P24941,33.930
CMGC_Ser/Thr,CDK20,CDK20_HUMAN,Q8IZL9,38.695
CMGC_Ser/Thr,CDK3,CDK3_HUMAN,Q00526,35.046
CMGC_Ser/Thr,CDK4,CDK4_HUMAN,P11802,33.730
CMGC_Ser/Thr,CDK5,CDK5_HUMAN,Q00535,33.304
CMGC_Ser/Thr,CDK6,CDK6_HUMAN,Q00534,36.938
CMGC_Ser/Thr,CDK7,CDK7_HUMAN,P50613,39.038
CMGC_Ser/Thr,CDK8,CDK8_HUMAN,P49336,53.284
CMGC_Ser/Thr,CDK9,CDK9_HUMAN,P50750,42.778
CMGC_Ser/Thr,CDKL1,CDKL1_HUMAN,Q00532,41.803
CMGC_Ser/Thr,CDKL2,CDKL2_HUMAN,Q92772,56.019
CMGC_Ser/Thr,CDKL3,CDKL3_HUMAN,Q8IVW4,67.514
CMGC_Ser/Thr,CDKL4,CDKL4_HUMAN,Q5MAI5,43.384
CMGC_Ser/Thr,CDKL5,CDKL5_HUMAN,O76039,115.538
CMGC_Ser/Thr,CLK1,CLK1_HUMAN,P49759,57.291
CMGC_Ser/Thr,CLK2,CLK2_HUMAN,P49760,60.090
CMGC_Ser/Thr,CLK3,CLK3_HUMAN,P49761,73.515
CMGC_Ser/Thr,CLK4,CLK4_HUMAN,Q9HAZ1,57.492
CMGC_Ser/Thr,DYRK1A,DYR1A_HUMAN,Q13627,85.584
CMGC_Ser/Thr,DYRK1B,DYR1B_HUMAN,Q9Y463,69.198
CMGC_Ser/Thr,DYRK2,DYRK2_HUMAN,Q92630,66.652
CMGC_Ser/Thr,DYRK3,DYRK3_HUMAN,O43781,65.714
CMGC_Ser/Thr,DYRK4,DYRK4_HUMAN,Q9NR20,59.608
CMGC_Ser/Thr,GSK3A,GSK3A_HUMAN,P49840,50.981
CMGC_Ser/Thr,GSK3B,GSK3B_HUMAN,P49841,46.744
CMGC_Ser/Thr,HIPK1,HIPK1_HUMAN,Q86Z02,130.843
CMGC_Ser/Thr,HIPK2,HIPK2_HUMAN,Q9H2X6,130.966
CMGC_Ser/Thr,HIPK3,HIPK3_HUMAN,Q9H422,133.743
CMGC_Ser/Thr,HIPK4,HIPK4_HUMAN,Q8NE63,69.425
CMGC_Ser/Thr,ICK,ICK_HUMAN,Q9UPZ9,71.427
CMGC_Ser/Thr,MAK,MAK_HUMAN,P20794,70.581
CMGC_Ser/Thr,MAPK1,MK01_HUMAN,P28482,41.390
CMGC_Ser/Thr,MAPK10,MK10_HUMAN,P53779,52.585
CMGC_Ser/Thr,MAPK11,MK11_HUMAN,Q15759,41.357
CMGC_Ser/Thr,MAPK12,MK12_HUMAN,P53778,41.940
CMGC_Ser/Thr,MAPK13,MK13_HUMAN,O15264,42.090
CMGC_Ser/Thr,MAPK14,MK14_HUMAN,Q16539,41.293
CMGC_Ser/Thr,MAPK15,MK15_HUMAN,Q8TD08,59.832
CMGC_Ser/Thr,MAPK3,MK03_HUMAN,P27361,43.136
CMGC_Ser/Thr,MAPK4,MK04_HUMAN,P31152,65.922
CMGC_Ser/Thr,MAPK6,MK06_HUMAN,Q16659,82.681
CMGC_Ser/Thr,MAPK7,MK07_HUMAN,Q13164,88.386
CMGC_Ser/Thr,MAPK8,MK08_HUMAN,P45983,48.296
CMGC_Ser/Thr,MAPK9,MK09_HUMAN,P45984,48.139
CMGC_Ser/Thr,MOK,MOK_HUMAN,Q9UQ07,48.014
CMGC_Ser/Thr,NLK,NLK_HUMAN,Q9UBE8,58.283
CMGC_Ser/Thr,PRPF4B,PRP4B_HUMAN,Q13523,116.987
CMGC_Ser/Thr,SRPK1,SRPK1_HUMAN,Q96SB4,74.325
CMGC_Ser/Thr,SRPK2,SRPK2_HUMAN,P78362,77.527
CMGC_Ser/Thr,SRPK3,SRPK3_HUMAN,Q9UPE1,62.014
NEK_Ser/Thr,NEK1,NEK1_HUMAN,Q96PY6,142.828
NEK_Ser/Thr,NEK10,NEK10_HUMAN,Q6ZWH5,133.259
NEK_Ser/Thr,NEK11,NEK11_HUMAN,Q8NG66,74.192
NEK_Ser/Thr,NEK2,NEK2_HUMAN,P51955,51.763
NEK_Ser/Thr,NEK3,NEK3_HUMAN,P51956,57.705
NEK_Ser/Thr,NEK4,NEK4_HUMAN,P51957,94.597
NEK_Ser/Thr,NEK5,NEK5_HUMAN,Q6P3R8,81.445
NEK_Ser/Thr,NEK6,NEK6_HUMAN,Q9HC98,35.714
NEK_Ser/Thr,NEK7,NEK7_HUMAN,Q8TDX7,34.551
NEK_Ser/Thr,NEK8,NEK8_HUMAN,Q86SG6,74.806
NEK_Ser/Thr,NEK9,NEK9_HUMAN,Q8TD19,107.168
RGC_kinase,GUCY2C,GUC2C_HUMAN,P25092,123.403
RGC_kinase,GUCY2D,GUC2D_HUMAN,Q02846,120.059
RGC_kinase,GUCY2F,GUC2F_HUMAN,P51841,124.850
RGC_kinase,NPR1,ANPRA_HUMAN,P16066,118.919
RGC_kinase,NPR2,ANPRB_HUMAN,P20594,117.022
STE_Ser/Thr,MAP2K1,MP2K1_HUMAN,Q02750,43.439
STE_Ser/Thr,MAP2K2,MP2K2_HUMAN,P36507,44.424
STE_Ser/Thr,MAP2K3,MP2K3_HUMAN,P46734,39.318
STE_Ser/Thr,MAP2K4,MP2K4_HUMAN,P45985,44.288
STE_Ser/Thr,MAP2K5,MP2K5_HUMAN,Q13163,50.112
STE_Ser/Thr,MAP2K6,MP2K6_HUMAN,P52564,37.492
STE_Ser/Thr,MAP2K7,MP2K7_HUMAN,O14733,47.485
STE_Ser/Thr,MAP3K1,M3K1_HUMAN,Q13233,164.470
STE_Ser/Thr,MAP3K10,M3K10_HUMAN,Q02779,103.694
STE_Ser/Thr,MAP3K11,M3K11_HUMAN,Q16584,92.688
STE_Ser/Thr,MAP3K12,M3K12_HUMAN,Q12852,93.219
STE_Ser/Thr,MAP3K13,M3K13_HUMAN,O43283,108.296
STE_Ser/Thr,MAP3K14,M3K14_HUMAN,Q99558,104.042
STE_Ser/Thr,MAP3K15,M3K15_HUMAN,Q6ZN16,147.437
STE_Ser/Thr,MAP3K19,M3K19_HUMAN,Q56UN5,150.537
STE_Ser/Thr,MAP3K2,M3K2_HUMAN,Q9Y2U5,69.741
STE_Ser/Thr,MAP3K20,M3K20_HUMAN,Q9NYL2,91.155
STE_Ser/Thr,MAP3K21,M3K21_HUMAN,Q5TCX8,113.957
STE_Ser/Thr,MAP3K3,M3K3_HUMAN,Q99759,70.898
STE_Ser/Thr,MAP3K4,M3K4_HUMAN,Q9Y6R4,181.685
STE_Ser/Thr,MAP3K5,M3K5_HUMAN,Q99683,154.537
STE_Ser/Thr,MAP3K6,M3K6_HUMAN,O95382,142.596
STE_Ser/Thr,MAP3K7,M3K7_HUMAN,O43318,67.196
STE_Ser/Thr,MAP3K8,M3K8_HUMAN,P41279,52.925
STE_Ser/Thr,MAP3K9,M3K9_HUMAN,P80192,121.895
STE_Ser/Thr,MAP4K1,M4K1_HUMAN,Q92918,91.296
STE_Ser/Thr,MAP4K2,M4K2_HUMAN,Q12851,91.556
STE_Ser/Thr,MAP4K3,M4K3_HUMAN,Q8IVH8,101.316
STE_Ser/Thr,MAP4K4,M4K4_HUMAN,O95819,142.101
STE_Ser/Thr,MAP4K5,M4K5_HUMAN,Q9Y4K4,95.024
STE_Ser/Thr,MINK1,MINK1_HUMAN,Q8N4C8,149.822
STE_Ser/Thr,MYO3A,MYO3A_HUMAN,Q8NEV4,186.208
STE_Ser/Thr,MYO3B,MYO3B_HUMAN,Q8WXR4,151.829
STE_Ser/Thr,NRK,NRK_HUMAN,Q7Z2Y5,178.479
STE_Ser/Thr,OXSR1,OXSR1_HUMAN,O95747,58.022
STE_Ser/Thr,PAK1,PAK1_HUMAN,Q13153,60.647
STE_Ser/Thr,PAK2,PAK2_HUMAN,Q13177,58.043
STE_Ser/Thr,PAK3,PAK3_HUMAN,O75914,62.310
STE_Ser/Thr,PAK4,PAK4_HUMAN,O96013,64.072
STE_Ser/Thr,PAK5,PAK5_HUMAN,Q9P286,80.745
STE_Ser/Thr,PAK6,PAK6_HUMAN,Q9NQU5,74.869
STE_Ser/Thr,PBK,TOPK_HUMAN,Q96KB5,36.085
STE_Ser/Thr,SLK,SLK_HUMAN,Q9H2G2,142.695
STE_Ser/Thr,STK10,STK10_HUMAN,O94804,112.135
STE_Ser/Thr,STK24,STK24_HUMAN,Q9Y6E0,49.308
STE_Ser/Thr,STK25,STK25_HUMAN,O00506,48.112
STE_Ser/Thr,STK26,STK26_HUMAN,Q9P289,46.529
STE_Ser/Thr,STK3,STK3_HUMAN,Q13188,56.301
STE_Ser/Thr,STK39,STK39_HUMAN,Q9UEW8,59.474
STE_Ser/Thr,STK4,STK4_HUMAN,Q13043,55.630
STE_Ser/Thr,STRADA,STRAA_HUMAN,Q7RTN6,48.369
STE_Ser/Thr,STRADB,STRAB_HUMAN,Q9C0K7,47.026
STE_Ser/Thr,TAOK1,TAOK1_HUMAN,Q7L7X3,116.070
STE_Ser/Thr,TAOK2,TAOK2_HUMAN,Q9UL54,138.251
STE_Ser/Thr,TAOK3,TAOK3_HUMAN,Q9H2K8,105.406
STE_Ser/Thr,TNIK,TNIK_HUMAN,Q9UKE5,154.943
TKL_Ser/Thr,ACVR1,ACVR1_HUMAN,Q04771,57.153
TKL_Ser/Thr,ACVR1B,ACV1B_HUMAN,P36896,56.807
TKL_Ser/Thr,ACVR1C,ACV1C_HUMAN,Q8NER5,54.871
TKL_Ser/Thr,ACVR2A,AVR2A_HUMAN,P27037,57.848
TKL_Ser/Thr,ACVR2B,AVR2B_HUMAN,Q13705,57.724
TKL_Ser/Thr,ACVRL1,ACVL1_HUMAN,P37023,56.124
TKL_Ser/Thr,AMHR2,AMHR2_HUMAN,Q16671,62.750
TKL_Ser/Thr,ANKK1,ANKK1_HUMAN,Q8NFD2,84.632
TKL_Ser/Thr,ARAF,ARAF_HUMAN,P10398,67.585
TKL_Ser/Thr,BMPR1A,BMR1A_HUMAN,P36894,60.198
TKL_Ser/Thr,BMPR1B,BMR1B_HUMAN,O00238,56.930
TKL_Ser/Thr,BMPR2,BMPR2_HUMAN,Q13873,115.201
TKL_Ser/Thr,BRAF,BRAF_HUMAN,P15056,84.437
TKL_Ser/Thr,ILK,ILK_HUMAN,Q13418,51.419
TKL_Ser/Thr,IRAK1,IRAK1_HUMAN,P51617,76.537
TKL_Ser/Thr,IRAK2,IRAK2_HUMAN,O43187,69.433
TKL_Ser/Thr,IRAK3,IRAK3_HUMAN,Q9Y616,67.767
TKL_Ser/Thr,IRAK4,IRAK4_HUMAN,Q9NWZ3,51.530
TKL_Ser/Thr,KSR1,KSR1_HUMAN,Q8IVT5,102.160
TKL_Ser/Thr,KSR2,KSR2_HUMAN,Q6VAB6,107.632
TKL_Ser/Thr,LIMK1,LIMK1_HUMAN,P53667,72.585
TKL_Ser/Thr,LIMK2,LIMK2_HUMAN,P53671,72.232
TKL_Ser/Thr,LRRK1,LRRK1_HUMAN,Q38SD2,225.393
TKL_Ser/Thr,LRRK2,LRRK2_HUMAN,Q5S007,286.103
TKL_Ser/Thr,RAF1,RAF1_HUMAN,P04049,73.052
TKL_Ser/Thr,RIPK1,RIPK1_HUMAN,Q13546,75.931
TKL_Ser/Thr,RIPK2,RIPK2_HUMAN,O43353,61.195
TKL_Ser/Thr,RIPK3,RIPK3_HUMAN,Q9Y572,56.887
TKL_Ser/Thr,RIPK4,RIPK4_HUMAN,P57078,91.611
TKL_Ser/Thr,TESK1,TESK1_HUMAN,Q15569,67.684
TKL_Ser/Thr,TESK2,TESK2_HUMAN,Q96S53,63.639
TKL_Ser/Thr,TGFBR1,TGFR1_HUMAN,P36897,55.960
TKL_Ser/Thr,TGFBR2,TGFR2_HUMAN,P37173,64.568
TKL_Ser/Thr,TNNI3K,TNI3K_HUMAN,Q59H18,92.851
Tyr,AATK,LMTK1_HUMAN,Q6ZMQ8,144.569
Tyr,ABL1,ABL1_HUMAN,P00519,122.873
Tyr,ABL2,ABL2_HUMAN,P42684,128.343
Tyr,ALK,ALK_HUMAN,Q9UM73,176.442
Tyr,AXL,UFO_HUMAN,P30530,98.337
Tyr,BLK,BLK_HUMAN,P51451,57.706
Tyr,BMX,BMX_HUMAN,P51813,78.011
Tyr,BTK,BTK_HUMAN,Q06187,76.281
Tyr,CSF1R,CSF1R_HUMAN,P07333,107.984
Tyr,CSK,CSK_HUMAN,P41240,50.704
Tyr,DDR1,DDR1_HUMAN,Q08345,101.128
Tyr,DDR2,DDR2_HUMAN,Q16832,96.736
Tyr,EGFR,EGFR_HUMAN,P00533,134.277
Tyr,EPHA1,EPHA1_HUMAN,P21709,108.127
Tyr,EPHA10,EPHAA_HUMAN,Q5JZY3,109.716
Tyr,EPHA2,EPHA2_HUMAN,P29317,108.266
Tyr,EPHA3,EPHA3_HUMAN,P29320,110.131
Tyr,EPHA4,EPHA4_HUMAN,P54764,109.860
Tyr,EPHA5,EPHA5_HUMAN,P54756,114.803
Tyr,EPHA6,EPHA6_HUMAN,Q9UF33,116.379
Tyr,EPHA7,EPHA7_HUMAN,Q15375,112.097
Tyr,EPHA8,EPHA8_HUMAN,P29322,111.003
Tyr,EPHB1,EPHB1_HUMAN,P54762,109.885
Tyr,EPHB2,EPHB2_HUMAN,P29323,117.493
Tyr,EPHB3,EPHB3_HUMAN,P54753,110.330
Tyr,EPHB4,EPHB4_HUMAN,P54760,108.270
Tyr,EPHB6,EPHB6_HUMAN,O15197,110.700
Tyr,ERBB2,ERBB2_HUMAN,P04626,137.910
Tyr,ERBB3,ERBB3_HUMAN,P21860,148.098
Tyr,ERBB4,ERBB4_HUMAN,Q15303,146.808
Tyr,FER,FER_HUMAN,P16591,94.638
Tyr,FES,FES_HUMAN,P07332,93.497
Tyr,FGFR1,FGFR1_HUMAN,P11362,91.868
Tyr,FGFR2,FGFR2_HUMAN,P21802,92.025
Tyr,FGFR3,FGFR3_HUMAN,P22607,87.710
Tyr,FGFR4,FGFR4_HUMAN,P22455,87.954
Tyr,FGR,FGR_HUMAN,P09769,59.479
Tyr,FLT1,VGFR1_HUMAN,P17948,150.769
Tyr,FLT3,FLT3_HUMAN,P36888,112.903
Tyr,FLT4,VGFR3_HUMAN,P35916,152.757
Tyr,FRK,FRK_HUMAN,P42685,58.254
Tyr,FYN,FYN_HUMAN,P06241,60.762
Tyr,HCK,HCK_HUMAN,P08631,59.600
Tyr,IGF1R,IGF1R_HUMAN,P08069,154.793
Tyr,INSR,INSR_HUMAN,P06213,156.333
Tyr,INSRR,INSRR_HUMAN,P14616,143.720
Tyr,ITK,ITK_HUMAN,Q08881,71.831
Tyr,JAK1,JAK1_HUMAN,P23458,133.277
Tyr,JAK2,JAK2_HUMAN,O60674,130.674
Tyr,JAK3,JAK3_HUMAN,P52333,125.099
Tyr,KDR,VGFR2_HUMAN,P35968,151.527
Tyr,KIT,KIT_HUMAN,P10721,109.865
Tyr,LCK,LCK_HUMAN,P06239,24.142
Tyr,LMTK2,LMTK2_HUMAN,Q8IWU2,164.900
Tyr,LMTK3,LMTK3_HUMAN,Q96Q04,153.661
Tyr,LTK,LTK_HUMAN,P29376,91.681
Tyr,LYN,LYN_HUMAN,P07948,58.574
Tyr,MATK,MATK_HUMAN,P42679,56.469
Tyr,MERTK,MERTK_HUMAN,Q12866,110.249
Tyr,MET,MET_HUMAN,P08581,155.541
Tyr,MST1R,RON_HUMAN,Q04912,152.241
Tyr,MUSK,MUSK_HUMAN,O15146,97.056
Tyr,NTRK1,NTRK1_HUMAN,P04629,87.497
Tyr,NTRK2,NTRK2_HUMAN,Q16620,91.999
Tyr,NTRK3,NTRK3_HUMAN,Q16288,94.428
Tyr,PDGFRA,PGFRA_HUMAN,P16234,122.670
Tyr,PDGFRB,PGFRB_HUMAN,P09619,123.968
Tyr,PTK2,FAK1_HUMAN,Q05397,119.233
Tyr,PTK2B,FAK2_HUMAN,Q14289,115.875
Tyr,PTK6,PTK6_HUMAN,Q13882,51.834
Tyr,PTK7,PTK7_HUMAN,Q13308,118.392
Tyr,RET,RET_HUMAN,P07949,124.319
Tyr,ROR1,ROR1_HUMAN,Q01973,104.283
Tyr,ROR2,ROR2_HUMAN,Q01974,104.757
Tyr,ROS1,ROS1_HUMAN,P08922,263.915
Tyr,RYK,RYK_HUMAN,P34925,67.815
Tyr,SRC,SRC_HUMAN,P12931,59.835
Tyr,SRMS,SRMS_HUMAN,Q9H3Y6,54.507
Tyr,STYK1,STYK1_HUMAN,Q6J9G0,47.577
Tyr,SYK,KSYK_HUMAN,P43405,72.066
Tyr,TEC,TEC_HUMAN,P42680,73.581
Tyr,TEK,TIE2_HUMAN,Q02763,125.830
Tyr,TIE1,TIE1_HUMAN,P35590,125.090
Tyr,TNK1,TNK1_HUMAN,Q13470,142.039
Tyr,TNK2,ACK1_HUMAN,Q07912,114.569
Tyr,TXK,TXK_HUMAN,P42681,61.258
Tyr,TYK2,TYK2_HUMAN,P29597,133.650
Tyr,TYRO3,TYRO3_HUMAN,Q06418,96.905
Tyr,YES1,YES_HUMAN,P07947,60.801
Tyr,ZAP70,ZAP70_HUMAN,P43403,69.872
Other,AAK1,AAK1_HUMAN,Q2M2I8,103.885
Other,AURKA,AURKA_HUMAN,O14965,45.809
Other,AURKB,AURKB_HUMAN,Q96GD4,39.311
Other,AURKC,AURKC_HUMAN,Q9UQB9,35.591
Other,BMP2K,BMP2K_HUMAN,Q9NSY1,129.172
Other,BUB1,BUB1_HUMAN,O43683,122.375
Other,BUB1B,BUB1B_HUMAN,O60566,119.545
Other,CAMKK1,KKCC1_HUMAN,Q8N5S9,55.735
Other,CAMKK2,KKCC2_HUMAN,Q96RR4,64.746
Other,CDC7,CDC7_HUMAN,O00311,63.888
Other,CHUK,IKKA_HUMAN,O15111,84.640
Other,CSNK2A1,CSK21_HUMAN,P68400,45.144
Other,CSNK2A2,CSK22_HUMAN,P19784,41.213
Other,CSNK2A3,CSK23_HUMAN,Q8NEV1,45.220
Other,DSTYK,DUSTY_HUMAN,Q6XUX3,105.206
Other,EIF2AK1,E2AK1_HUMAN,Q9BQI3,71.106
Other,EIF2AK2,E2AK2_HUMAN,P19525,62.094
Other,EIF2AK3,E2AK3_HUMAN,Q9NZJ5,125.216
Other,EIF2AK4,E2AK4_HUMAN,Q9P2K8,186.911
Other,ERN1,ERN1_HUMAN,O75460,109.735
Other,ERN2,ERN2_HUMAN,Q76MJ5,102.480
Other,GAK,GAK_HUMAN,O14976,143.191
Other,HASPIN,HASP_HUMAN,Q8TF76,88.495
Other,IKBKB,IKKB_HUMAN,O14920,86.564
Other,IKBKE,IKKE_HUMAN,Q14164,80.462
Other,MLKL,MLKL_HUMAN,Q8NB16,54.479
Other,MOS,MOS_HUMAN,P00540,37.820
Other,NRBP1,NRBP_HUMAN,Q9UHY1,59.845
Other,NRBP2,NRBP2_HUMAN,Q9NSY0,57.803
Other,PAN3,PAN3_HUMAN,Q58A45,44.683
Other,PDIK1L,PDK1L_HUMAN,Q8N165,38.546
Other,PEAK1,PEAK1_HUMAN,Q9H792,193.106
Other,PIK3R4,PI3R4_HUMAN,Q99570,153.103
Other,PINK1,PINK1_HUMAN,Q9BXM7,62.769
Other,PKDCC,PKDCC_HUMAN,Q504Y2,54.132
Other,PKMYT1,PMYT1_HUMAN,Q99640,54.521
Other,PLK1,PLK1_HUMAN,P53350,68.255
Other,PLK2,PLK2_HUMAN,Q9NYY3,78.237
Other,PLK3,PLK3_HUMAN,Q9H4B4,71.629
Other,PLK4,PLK4_HUMAN,O00444,108.972
Other,PLK5,PLK5_HUMAN,Q496M5,36.329
Other,POMK,SG196_HUMAN,Q9H5K3,40.050
Other,PRAG1,PRAG1_HUMAN,Q86YV5,149.624
Other,PXK,PXK_HUMAN,Q7Z7A4,64.950
Other,RNASEL,RN5A_HUMAN,Q05823,83.533
Other,RPS6KC1,KS6C1_HUMAN,Q96S38,118.682
Other,RPS6KL1,RPKL1_HUMAN,Q9Y6S9,60.036
Other,RSKR,KS6R_HUMAN,Q96LW2,46.191
Other,SBK1,SBK1_HUMAN,Q52WX2,46.252
Other,SBK2,SBK2_HUMAN,P0C263,38.088
Other,SBK3,SBK3_HUMAN,P0C264,38.488
Other,SCYL1,SCYL1_HUMAN,Q96KG9,89.631
Other,SCYL2,SCYL2_HUMAN,Q6P3W7,103.709
Other,SCYL3,PACE1_HUMAN,Q8IZE3,82.857
Other,STK16,STK16_HUMAN,O75716,34.656
Other,STK31,STK31_HUMAN,Q9BXU1,115.694
Other,STK32A,ST32A_HUMAN,Q8WU08,46.369
Other,STK32B,ST32B_HUMAN,Q9NY57,47.883
Other,STK32C,ST32C_HUMAN,Q86UX6,54.994
Other,STK35,STK35_HUMAN,Q8TDR2,58.051
Other,STK36,STK36_HUMAN,Q9NRP7,143.995
Other,STKLD1,STKL1_HUMAN,Q8NE28,75.677
Other,TBCK,TBCK_HUMAN,Q8TEA7,100.679
Other,TBK1,TBK1_HUMAN,Q9UHD2,83.642
Other,TEX14,TEX14_HUMAN,Q8IWB6,167.901
Other,TLK1,TLK1_HUMAN,Q9UKI8,86.700
Other,TLK2,TLK2_HUMAN,Q86UE8,87.661
Other,TP53RK,PRPK_HUMAN,Q96S44,28.160
Other,TTK,TTK_HUMAN,P33981,97.072
Other,UHMK1,UHMK1_HUMAN,Q8TAS1,46.546
Other,ULK1,ULK1_HUMAN,O75385,112.631
Other,ULK2,ULK2_HUMAN,Q8IYT8,112.694
Other,ULK3,ULK3_HUMAN,Q6PHR2,53.444
Other,ULK4,ULK4_HUMAN,Q96C45,142.442
Other,WEE1,WEE1_HUMAN,P30291,71.597
Other,WEE2,WEE2_HUMAN,P0C1S8,62.925
Other,WNK1,WNK1_HUMAN,Q9H4A3,250.794
Other,WNK2,WNK2_HUMAN,Q9Y3S1,242.676
Other,WNK3,WNK3_HUMAN,Q9BYP7,198.416
Other,WNK4,WNK4_HUMAN,Q96J92,134.739
ADCK,ADCK1,ADCK1_HUMAN,Q86TW2,60.577
ADCK,ADCK2,ADCK2_HUMAN,Q7Z695,68.982
ADCK,ADCK5,ADCK5_HUMAN,Q3MIX3,65.828
ADCK,COQ8A,COQ8A_HUMAN,Q8NI60,71.950
ADCK,COQ8B,COQ8B_HUMAN,Q96D53,60.069
Alpha-type,ALPK1,ALPK1_HUMAN,Q96QP1,138.861
Alpha-type,ALPK2,ALPK2_HUMAN,Q86TB3,237.013
Alpha-type,ALPK3,ALPK3_HUMAN,Q96L96,201.272
Alpha-type,EEF2K,EF2K_HUMAN,O00418,82.144
Alpha-type,TRPM6,TRPM6_HUMAN,Q9BX84,231.708
Alpha-type,TRPM7,TRPM7_HUMAN,Q96QT4,212.697
FAST,FASTK,FASTK_HUMAN,Q14296,61.104
PDK/BCKDK,BCKDK,BCKD_HUMAN,O14874,46.360
PDK/BCKDK,PDK1,PDK1_HUMAN,Q15118,49.244
PDK/BCKDK,PDK2,PDK2_HUMAN,Q15119,46.154
PDK/BCKDK,PDK3,PDK3_HUMAN,Q15120,46.939
PDK/BCKDK,PDK4,PDK4_HUMAN,Q16654,46.469
PI3/PI4-kinase,ATM,ATM_HUMAN,Q13315,350.687
PI3/PI4-kinase,ATR,ATR_HUMAN,Q13535,62.789
PI3/PI4-kinase,MTOR,MTOR_HUMAN,P42345,288.892
PI3/PI4-kinase,PIK3CA,PK3CA_HUMAN,P42336,124.284
PI3/PI4-kinase,PIK3CB,PK3CB_HUMAN,P42338,122.762
PI3/PI4-kinase,PIK3CD,PK3CD_HUMAN,O00329,119.479
PI3/PI4-kinase,PIK3CG,PK3CG_HUMAN,P48736,126.454
PI3/PI4-kinase,PRKDC,PRKDC_HUMAN,P78527,469.089
PI3/PI4-kinase,SMG1,SMG1_HUMAN,Q96Q15,410.501
RIO-type_Ser/Thr,RIOK1,RIOK1_HUMAN,Q9BRS2,65.583
RIO-type_Ser/Thr,RIOK2,RIOK2_HUMAN,Q9BVS4,63.283
RIO-type_Ser/Thr,RIOK3,RIOK3_HUMAN,O14730,59.093