inn_name,phase,mw,image_url,canonical_smiles,inchikey
Abemaciclib,4.0,506.3,www.icoa.fr/pkidb/static/img/mol/Abemaciclib.svg,CCN1CCN(CC1)Cc2ccc(nc2)Nc3ncc(c(n3)c4cc5c(c(c4)F)nc(n5C(C)C)C)F,UZWDCWONPYILKI-UHFFFAOYSA-N
Abivertinib,3.0,487.2,www.icoa.fr/pkidb/static/img/mol/Abivertinib.svg,CN1CCN(CC1)c2ccc(cc2F)Nc3nc4c(cc[nH]4)c(n3)Oc5cccc(c5)NC(=O)C=C,UOFYSRZSLXWIQB-UHFFFAOYSA-N
Acalabrutinib,4.0,465.2,www.icoa.fr/pkidb/static/img/mol/Acalabrutinib.svg,CC#CC(=O)N1CCC[C@H]1c2nc(c3n2ccnc3N)c4ccc(cc4)C(=O)Nc5ccccn5,WDENQIQQYWYTPO-IBGZPJMESA-N
Acalisib,2.0,401.1,www.icoa.fr/pkidb/static/img/mol/Acalisib.svg,C[C@@H](c1nc2ccc(cc2c(=O)n1c3ccccc3)F)Nc4c5c(nc[nH]5)ncn4,DOCINCLJNAXZQF-LBPRGKRZSA-N
Acumapimod,2.0,385.2,www.icoa.fr/pkidb/static/img/mol/Acumapimod.svg,Cc1ccc(cc1n2c(c(cn2)C(=O)c3cccc(c3)C#N)N)C(=O)NC4CC4,VGUSQKZDZHAAEE-UHFFFAOYSA-N
Adavosertib,2.0,500.3,www.icoa.fr/pkidb/static/img/mol/Adavosertib.svg,CC(C)(c1cccc(n1)n2c3c(cnc(n3)Nc4ccc(cc4)N5CCN(CC5)C)c(=O)n2CC=C)O,BKWJAKQVGHWELA-UHFFFAOYSA-N
Afatinib,4.0,485.2,www.icoa.fr/pkidb/static/img/mol/Afatinib.svg,CN(C)C/C=C/C(=O)Nc1cc2c(cc1O[C@H]3CCOC3)ncnc2Nc4ccc(c(c4)Cl)F,ULXXDDBFHOBEHA-CWDCEQMOSA-N
Afuresertib,2.0,426.0,www.icoa.fr/pkidb/static/img/mol/Afuresertib.svg,Cn1c(c(cn1)Cl)c2cc(sc2Cl)C(=O)N[C@@H](Cc3cccc(c3)F)CN,AFJRDFWMXUECEW-LBPRGKRZSA-N
Alectinib,4.0,482.3,www.icoa.fr/pkidb/static/img/mol/Alectinib.svg,CCc1cc2c(cc1N3CCC(CC3)N4CCOCC4)C(c5c(c6ccc(cc6[nH]5)C#N)C2=O)(C)C,KDGFLJKFZUIJMX-UHFFFAOYSA-N
Alisertib,3.0,518.1,www.icoa.fr/pkidb/static/img/mol/Alisertib.svg,COc1cccc(c1C2=NCc3cnc(nc3-c4c2cc(cc4)Cl)Nc5ccc(c(c5)OC)C(=O)O)F,ZLHFILGSQDJULK-UHFFFAOYSA-N
Allitinib,1.0,448.1,www.icoa.fr/pkidb/static/img/mol/Allitinib.svg,C=CC(=O)Nc1ccc2c(c1)c(ncn2)Nc3ccc(c(c3)Cl)OCc4cccc(c4)F,MVZGYPSXNDCANY-UHFFFAOYSA-N
Alpelisib,4.0,441.1,www.icoa.fr/pkidb/static/img/mol/Alpelisib.svg,Cc1c(sc(n1)NC(=O)N2CCC[C@H]2C(=O)N)c3ccnc(c3)C(C)(C)C(F)(F)F,STUWGJZDJHPWGZ-LBPRGKRZSA-N
Altiratinib,1.0,510.2,www.icoa.fr/pkidb/static/img/mol/Altiratinib.svg,c1cc(ccc1NC(=O)C2(CC2)C(=O)Nc3cc(c(cc3F)Oc4ccnc(c4)NC(=O)C5CC5)F)F,GNNDEPIMDAZHRQ-UHFFFAOYSA-N
Alvocidib,3.0,401.1,www.icoa.fr/pkidb/static/img/mol/Alvocidib.svg,CN1CC[C@@H]([C@@H](C1)O)c2c(cc(c3c2oc(cc3=O)c4ccccc4Cl)O)O,BIIVYFLTOXDAOV-YVEFUNNKSA-N
Amcasertib,2.0,539.2,www.icoa.fr/pkidb/static/img/mol/Amcasertib.svg,CCN(CC)CCNC(=O)c1c(c([nH]c1C)/C=C\2/c3cc(ccc3NC2=O)c4csc(n4)c5ccccc5)C,QDWKGEFGLQMDAM-ULJHMMPZSA-N
Amuvatinib,2.0,447.1,www.icoa.fr/pkidb/static/img/mol/Amuvatinib.svg,c1ccc2c(c1)c3c(o2)c(ncn3)N4CCN(CC4)C(=S)NCc5ccc6c(c5)OCO6,FOFDIMHVKGYHRU-UHFFFAOYSA-N
Anlotinib,4.0,407.2,www.icoa.fr/pkidb/static/img/mol/Anlotinib.svg,Cc1cc2c([nH]1)ccc(c2F)Oc3ccnc4c3cc(c(c4)OCC5(CC5)N)OC,KSMZEXLVHXZPEF-UHFFFAOYSA-N
Apatinib,4.0,397.2,www.icoa.fr/pkidb/static/img/mol/Apatinib.svg,N#CC1(CCCC1)c1ccc(cc1)NC(=O)c1cccnc1Nc1cnccc1C,MGZNERAVOCFMCU-UHFFFAOYSA-N
Apitolisib,2.0,498.2,www.icoa.fr/pkidb/static/img/mol/Apitolisib.svg,Cc1c(sc2c1nc(nc2N3CCOCC3)c4cnc(nc4)N)CN5CCN(CC5)C(=O)[C@H](C)O,YOVVNQKCSKSHKT-HNNXBMFYSA-N
Asciminib,3.0,449.1,www.icoa.fr/pkidb/static/img/mol/Asciminib.svg,c1cc(ccc1NC(=O)c2cc(c(nc2)N3CC[C@H](C3)O)c4ccn[nH]4)OC(F)(F)Cl,VOVZXURTCKPRDQ-CQSZACIVSA-N
Avapritinib,3.0,498.2,www.icoa.fr/pkidb/static/img/mol/Avapritinib.svg,C[C@](c1ccc(cc1)F)(c2cnc(nc2)N3CCN(CC3)c4c5cc(cn5ncn4)c6cnn(c6)C)N,DWYRIWUZIJHQKQ-SANMLTNESA-N
Axitinib,4.0,386.1,www.icoa.fr/pkidb/static/img/mol/Axitinib.svg,CNC(=O)c1ccccc1Sc2ccc3c(c2)[nH]nc3/C=C/c4ccccn4,RITAVMQDGBJQJZ-FMIVXFBMSA-N
Bafetinib,2.0,576.3,www.icoa.fr/pkidb/static/img/mol/Bafetinib.svg,Cc1ccc(cc1Nc2nccc(n2)c3cncnc3)NC(=O)c4ccc(c(c4)C(F)(F)F)CN5CC[C@@H](C5)N(C)C,ZGBAJMQHJDFTQJ-DEOSSOPVSA-N
Balamapimod,1.0,573.2,www.icoa.fr/pkidb/static/img/mol/Balamapimod.svg,Cn1ccnc1Sc2ccc(cc2Cl)Nc3c4cc(c(cc4ncc3C#N)N5CCC(CC5)N6CCCC6)OC,CVAKNHIXTWLGJO-UHFFFAOYSA-N
Barasertib,3.0,587.2,www.icoa.fr/pkidb/static/img/mol/Barasertib.svg,CCN(CCCOc1ccc2c(c1)ncnc2Nc3cc(n[nH]3)CC(=O)Nc4cccc(c4)F)CCOP(=O)(O)O,GBJVVSCPOBPEIT-UHFFFAOYSA-N
Baricitinib,4.0,371.1,www.icoa.fr/pkidb/static/img/mol/Baricitinib.svg,CCS(=O)(=O)N1CC(C1)(CC#N)n2cc(cn2)c3c4cc[nH]c4ncn3,XUZMWHLSFXCVMG-UHFFFAOYSA-N
Bemcentinib,2.0,506.3,www.icoa.fr/pkidb/static/img/mol/Bemcentinib.svg,c1ccc-2c(c1)CCCc3c2nnc(c3)n4c(nc(n4)Nc5ccc6c(c5)CC[C@H](CC6)N7CCCC7)N,KXMZDGSRSGHMMK-VWLOTQADSA-N
Bentamapimod,2.0,457.2,www.icoa.fr/pkidb/static/img/mol/Bentamapimod.svg,N#CC(c1nc2ccccc2s1)c5nc(OCc3ccc(cc3)CN4CCOCC4)ncc5,XCPPIJCBCWUBNT-UHFFFAOYSA-N
Berzosertib,2.0,463.2,www.icoa.fr/pkidb/static/img/mol/Berzosertib.svg,CC(C)S(=O)(=O)c1ccc(cc1)c2cnc(c(n2)c3cc(no3)c4ccc(cc4)CNC)N,JZCWLJDSIRUGIN-UHFFFAOYSA-N
Bimiralisib,2.0,411.2,www.icoa.fr/pkidb/static/img/mol/Bimiralisib.svg,c1c(c(c[nH]c1=N)c2nc(nc(n2)N3CCOCC3)N4CCOCC4)C(F)(F)F,ADGGYDAFIHSYFI-UHFFFAOYSA-N
Binimetinib,4.0,440.0,www.icoa.fr/pkidb/static/img/mol/Binimetinib.svg,Cn1cnc2c1cc(c(c2F)Nc3ccc(cc3F)Br)C(=O)NOCCO,ACWZRVQXLIRSDF-UHFFFAOYSA-N
Bosutinib,4.0,529.2,www.icoa.fr/pkidb/static/img/mol/Bosutinib.svg,CN1CCN(CC1)CCCOc2cc3c(cc2OC)c(c(cn3)C#N)Nc4cc(c(cc4Cl)Cl)OC,UBPYILGKFZZVDX-UHFFFAOYSA-N
Brigatinib,4.0,583.3,www.icoa.fr/pkidb/static/img/mol/Brigatinib.svg,CN1CCN(CC1)C2CCN(CC2)c3ccc(c(c3)OC)Nc4ncc(c(n4)Nc5ccccc5P(=O)(C)C)Cl,AILRADAXUVEEIR-UHFFFAOYSA-N
Brivanib,3.0,370.1,www.icoa.fr/pkidb/static/img/mol/Brivanib.svg,Cc1cc2c([nH]1)ccc(c2F)Oc3c4c(c(cn4ncn3)OC[C@@H](C)O)C,WCWUXEGQKLTGDX-LLVKDONJSA-N
Buparlisib,3.0,410.2,www.icoa.fr/pkidb/static/img/mol/Buparlisib.svg,c1c(c(cnc1N)c2cc(nc(n2)N3CCOCC3)N4CCOCC4)C(F)(F)F,CWHUFRVAEUJCEF-UHFFFAOYSA-N
Cabozantinib,4.0,501.2,www.icoa.fr/pkidb/static/img/mol/Cabozantinib.svg,COc1cc2c(ccnc2cc1OC)Oc3ccc(cc3)NC(=O)C4(CC4)C(=O)Nc5ccc(cc5)F,ONIQOQHATWINJY-UHFFFAOYSA-N
Canertinib,3.0,485.2,www.icoa.fr/pkidb/static/img/mol/Canertinib.svg,C=CC(=O)Nc1cc2c(cc1OCCCN3CCOCC3)ncnc2Nc4ccc(c(c4)Cl)F,OMZCMEYTWSXEPZ-UHFFFAOYSA-N
Capivasertib,2.0,428.2,www.icoa.fr/pkidb/static/img/mol/Capivasertib.svg,c1cc(ccc1[C@H](CCO)NC(=O)C2(CCN(CC2)c3c4cc[nH]c4ncn3)N)Cl,JDUBGYFRJFOXQC-KRWDZBQOSA-N
Capmatinib,3.0,412.1,www.icoa.fr/pkidb/static/img/mol/Capmatinib.svg,CNC(=O)c1ccc(cc1F)c2cnc3ncc(n3n2)Cc4ccc5c(c4)cccn5,LIOLIMKSCNQPLV-UHFFFAOYSA-N
Cediranib,3.0,450.2,www.icoa.fr/pkidb/static/img/mol/Cediranib.svg,Cc1cc2c([nH]1)ccc(c2F)Oc3c4cc(c(cc4ncn3)OCCCN5CCCC5)OC,XXJWYDDUDKYVKI-UHFFFAOYSA-N
Cenisertib,1.0,451.2,www.icoa.fr/pkidb/static/img/mol/Cenisertib.svg,Cc1cc(ccc1N2CCN(CC2)C)Nc3ncc(c(n3)N[C@@H]4[C@@H]5C[C@H]([C@@H]4C(=O)N)C=C5)F,KSOVGRCOLZZTPF-QMKUDKLTSA-N
Ceralasertib,2.0,412.2,www.icoa.fr/pkidb/static/img/mol/Ceralasertib.svg,CC1COCCN1c2cc(nc(n2)c3cncc4c3cc[nH]4)C5(CC5)S(=N)(=O)C,DTTJKLNXNZAVSM-UHFFFAOYSA-N
Cerdulatinib,2.5,445.2,www.icoa.fr/pkidb/static/img/mol/Cerdulatinib.svg,CCS(=O)(=O)N1CCN(CC1)c2ccc(cc2)Nc3ncc(c(n3)NC4CC4)C(=O)N,BGLPECHZZQDNCD-UHFFFAOYSA-N
Ceritinib,4.0,557.2,www.icoa.fr/pkidb/static/img/mol/Ceritinib.svg,Cc1cc(c(cc1C2CCNCC2)OC(C)C)Nc3ncc(c(n3)Nc4ccccc4S(=O)(=O)C(C)C)Cl,VERWOWGGCGHDQE-UHFFFAOYSA-N
Cobimetinib,4.0,531.1,www.icoa.fr/pkidb/static/img/mol/Cobimetinib.svg,c1c(cc(c(c1)Nc2c(c(ccc2C(=O)N3C[C@@](C3)(O)[C@H]4NCCCC4)F)F)F)I,BSMCAPRUBJMWDF-KRWDZBQOSA-N
Copanlisib,4.0,480.2,www.icoa.fr/pkidb/static/img/mol/Copanlisib.svg,COc1c(ccc2c1N=C(N3C2=NCC3)NC(=O)c4cnc(nc4)N)OCCCN5CCOCC5,PZBCKZWLPGJMAO-UHFFFAOYSA-N
Crenolanib,3.0,443.2,www.icoa.fr/pkidb/static/img/mol/Crenolanib.svg,CC1(COC1)COc2ccc3c(c2)ncn3c4ccc5cccc(c5n4)N6CCC(CC6)N,DYNHJHQFHQTFTP-UHFFFAOYSA-N
Crizotinib,4.0,449.1,www.icoa.fr/pkidb/static/img/mol/Crizotinib.svg,C[C@H](c1c(ccc(c1Cl)F)Cl)Oc2cc(cnc2N)c3cnn(c3)C4CCNCC4,KTEIFNKAUNYNJU-GFCCVEGCSA-N
Dabrafenib,4.0,519.1,www.icoa.fr/pkidb/static/img/mol/Dabrafenib.svg,CC(C)(C)c1nc(c(s1)c2ccnc(n2)N)c3cccc(c3F)NS(=O)(=O)c4c(cccc4F)F,BFSMGDJOXZAERB-UHFFFAOYSA-N
Dacomitinib,4.0,469.2,www.icoa.fr/pkidb/static/img/mol/Dacomitinib.svg,COc1cc2c(cc1NC(=O)/C=C/CN3CCCCC3)c(ncn2)Nc4ccc(c(c4)Cl)F,LVXJQMNHJWSHET-AATRIKPKSA-N
Dactolisib,2.0,469.2,www.icoa.fr/pkidb/static/img/mol/Dactolisib.svg,CC(C)(C#N)c1ccc(cc1)n2c3c4cc(ccc4ncc3n(c2=O)C)c5cc6ccccc6nc5,JOGKUKXHTYWRGZ-UHFFFAOYSA-N
Danusertib,2.0,474.2,www.icoa.fr/pkidb/static/img/mol/Danusertib.svg,CN1CCN(CC1)c2ccc(cc2)C(=O)Nc3c4c([nH]n3)CN(C4)C(=O)[C@@H](c5ccccc5)OC,XKFTZKGMDDZMJI-HSZRJFAPSA-N
Dasatinib,4.0,487.2,www.icoa.fr/pkidb/static/img/mol/Dasatinib.svg,Cc1cccc(c1NC(=O)c2cnc(s2)Nc3cc(nc(n3)C)N4CCN(CC4)CCO)Cl,ZBNZXTGUTAYRHI-UHFFFAOYSA-N
Decernotinib,2.0,392.2,www.icoa.fr/pkidb/static/img/mol/Decernotinib.svg,CC[C@](C)(C(=O)NCC(F)(F)F)Nc1ccnc(n1)c2c[nH]c3c2cccn3,ASUGUQWIHMTFJL-QGZVFWFLSA-N
Defactinib,2.0,510.1,www.icoa.fr/pkidb/static/img/mol/Defactinib.svg,CNC(=O)c1ccc(cc1)Nc2ncc(c(n2)NCc3c(nccn3)N(C)S(=O)(=O)C)C(F)(F)F,FWLMVFUGMHIOAA-UHFFFAOYSA-N
Derazantinib,1.5,468.2,www.icoa.fr/pkidb/static/img/mol/Derazantinib.svg,COCCNCCc1cccc(c1)Nc2ncc3c(n2)-c4ccccc4[C@@H](C3)c5ccccc5F,KPJDVVCDVBFRMU-AREMUKBSSA-N
Dezapelisib,0.0,421.1,www.icoa.fr/pkidb/static/img/mol/Dezapelisib.svg,Cc1csc2n1c(=O)c(c(n2)[C@H](C)Nc3c4c([nH]cn4)ncn3)c5cccc(c5)F,RSIWALKZYXPAGW-NSHDSACASA-N
Dilmapimod,2.0,456.1,www.icoa.fr/pkidb/static/img/mol/Dilmapimod.svg,Cc1cc(ccc1c2c3ccc(=O)n(c3nc(n2)NC(CO)CO)c4c(cccc4F)F)F,ORVNHOYNEHYKJG-UHFFFAOYSA-N
Dinaciclib,3.0,396.2,www.icoa.fr/pkidb/static/img/mol/Dinaciclib.svg,CCc1cnn2c1nc(cc2NCc3ccc[n+](c3)[O-])N4CCCC[C@H]4CCO,PIMQWRZWLQKKBJ-SFHVURJKSA-N
Doramapimod,2.0,527.3,www.icoa.fr/pkidb/static/img/mol/Doramapimod.svg,Cc1ccc(cc1)n2c(cc(n2)C(C)(C)C)NC(=O)Nc3ccc(c4c3cccc4)OCCN5CCOCC5,MVCOAUNKQVWQHZ-UHFFFAOYSA-N
Dovitinib,3.0,392.2,www.icoa.fr/pkidb/static/img/mol/Dovitinib.svg,CN1CCN(CC1)c2ccc3c(c2)[nH]c(n3)c4c(c5c(cccc5F)[nH]c4=O)N,PIQCTGMSNWUMAF-UHFFFAOYSA-N
Duvelisib,4.0,416.1,www.icoa.fr/pkidb/static/img/mol/Duvelisib.svg,C[C@@H](c1cc2cccc(c2c(=O)n1c3ccccc3)Cl)Nc4c5c([nH]cn5)ncn4,SJVQHLPISAIATJ-ZDUSSCGKSA-N
Encorafenib,4.0,539.2,www.icoa.fr/pkidb/static/img/mol/Encorafenib.svg,C[C@@H](CNc1nccc(n1)c2cn(nc2c3cc(cc(c3F)NS(=O)(=O)C)Cl)C(C)C)NC(=O)OC,CMJCXYNUCSMDBY-ZDUSSCGKSA-N
Ensartinib,3.0,560.2,www.icoa.fr/pkidb/static/img/mol/Ensartinib.svg,C[C@@H]1CN(C[C@@H](N1)C)C(=O)c2ccc(cc2)NC(=O)c3cc(c(nn3)N)O[C@H](C)c4c(ccc(c4Cl)F)Cl,GLYMPHUVMRFTFV-QLFBSQMISA-N
Entospletinib,2.0,411.2,www.icoa.fr/pkidb/static/img/mol/Entospletinib.svg,c1cc(ccc1Nc2c3nccn3cc(n2)c4ccc5cn[nH]c5c4)N6CCOCC6,XSMSNFMDVXXHGJ-UHFFFAOYSA-N
Entrectinib,4.0,560.3,www.icoa.fr/pkidb/static/img/mol/Entrectinib.svg,CN1CCN(CC1)c2ccc(c(c2)NC3CCOCC3)C(=O)Nc4c5cc(ccc5[nH]n4)Cc6cc(cc(c6)F)F,HAYYBYPASCDWEQ-UHFFFAOYSA-N
Enzastaurin,3.0,515.2,www.icoa.fr/pkidb/static/img/mol/Enzastaurin.svg,Cn1cc(c2c1cccc2)C3=C(C(=O)NC3=O)c4cn(c5c4cccc5)C6CCN(CC6)Cc7ccccn7,AXRCEOKUDYDWLF-UHFFFAOYSA-N
Erdafitinib,4.0,446.2,www.icoa.fr/pkidb/static/img/mol/Erdafitinib.svg,CC(C)NCCN(c1ccc2c(c1)nc(cn2)c3cnn(c3)C)c4cc(cc(c4)OC)OC,OLAHOMJCDNXHFI-UHFFFAOYSA-N
Erlotinib,4.0,393.2,www.icoa.fr/pkidb/static/img/mol/Erlotinib.svg,COCCOc1cc2c(cc1OCCOC)ncnc2Nc3cccc(c3)C#C,AAKJLRGGTJKAMG-UHFFFAOYSA-N
Evobrutinib,2.0,429.2,www.icoa.fr/pkidb/static/img/mol/Evobrutinib.svg,C=CC(=O)N1CCC(CC1)CNc2c(c(ncn2)N)c3ccc(cc3)Oc4ccccc4,QUIWHXQETADMGN-UHFFFAOYSA-N
Famitinib,3.0,410.2,www.icoa.fr/pkidb/static/img/mol/Famitinib.svg,CCN(CC)CCN1CCc2c(c(c([nH]2)/C=C\3/c4cc(ccc4NC3=O)F)C)C1=O,GKEYKDOLBLYGRB-LGMDPLHJSA-N
Fasudil,4.0,291.1,www.icoa.fr/pkidb/static/img/mol/Fasudil.svg,c1cc2cnccc2c(c1)S(=O)(=O)N3CCCNCC3,NGOGFTYYXHNFQH-UHFFFAOYSA-N
Fedratinib,4.0,524.3,www.icoa.fr/pkidb/static/img/mol/Fedratinib.svg,Cc1cnc(nc1Nc2cccc(c2)S(=O)(=O)NC(C)(C)C)Nc3ccc(cc3)OCCN4CCCC4,JOOXLOJCABQBSG-UHFFFAOYSA-N
Filgotinib,3.0,425.2,www.icoa.fr/pkidb/static/img/mol/Filgotinib.svg,c1cc(n2c(c1)nc(n2)NC(=O)C3CC3)c4ccc(cc4)CN5CCS(=O)(=O)CC5,RIJLVEAXPNLDTC-UHFFFAOYSA-N
Flumatinib,3.0,562.2,www.icoa.fr/pkidb/static/img/mol/Flumatinib.svg,Cc1c(cc(cn1)NC(=O)c2ccc(c(c2)C(F)(F)F)CN3CCN(CC3)C)Nc4nccc(n4)c5cccnc5,BJCJYEYYYGBROF-UHFFFAOYSA-N
Foretinib,2.0,632.2,www.icoa.fr/pkidb/static/img/mol/Foretinib.svg,COc1cc2c(ccnc2cc1OCCCN3CCOCC3)Oc4ccc(cc4F)NC(=O)C5(CC5)C(=O)Nc6ccc(cc6)F,CXQHYVUVSFXTMY-UHFFFAOYSA-N
Fostamatinib,4.0,580.1,www.icoa.fr/pkidb/static/img/mol/Fostamatinib.svg,CC1(C(=O)N(c2c(ccc(n2)Nc3c(cnc(n3)Nc4cc(c(c(c4)OC)OC)OC)F)O1)COP(=O)(O)O)C,GKDRMWXFWHEQQT-UHFFFAOYSA-N
Fruquintinib,3.0,393.1,www.icoa.fr/pkidb/static/img/mol/Fruquintinib.svg,Cc1c(c2ccc(cc2o1)Oc3c4cc(c(cc4ncn3)OC)OC)C(=O)NC,BALLNEJQLSTPIO-UHFFFAOYSA-N
Galunisertib,2.0,369.2,www.icoa.fr/pkidb/static/img/mol/Galunisertib.svg,Cc1cccc(n1)c2c(c3n(n2)CCC3)c4ccnc5c4cc(cc5)C(=O)N,IVRXNBXKWIJUQB-UHFFFAOYSA-N
Gandotinib,2.0,469.2,www.icoa.fr/pkidb/static/img/mol/Gandotinib.svg,Cc1cc(n[nH]1)Nc2cc(c3nc(c(n3n2)Cc4ccc(cc4F)Cl)C)CN5CCOCC5,SQSZANZGUXWJEA-UHFFFAOYSA-N
Gedatolisib,2.0,615.3,www.icoa.fr/pkidb/static/img/mol/Gedatolisib.svg,CN(C)C1CCN(CC1)C(=O)c2ccc(cc2)NC(=O)Nc3ccc(cc3)c4nc(nc(n4)N5CCOCC5)N6CCOCC6,DWZAEMINVBZMHQ-UHFFFAOYSA-N
Gefitinib,4.0,446.2,www.icoa.fr/pkidb/static/img/mol/Gefitinib.svg,COc1cc2c(cc1OCCCN3CCOCC3)c(ncn2)Nc4ccc(c(c4)Cl)F,XGALLCVXEZPNRQ-UHFFFAOYSA-N
Gilteritinib,4.0,552.4,www.icoa.fr/pkidb/static/img/mol/Gilteritinib.svg,CCc1c(nc(c(n1)C(=O)N)Nc2ccc(c(c2)OC)N3CCC(CC3)N4CCN(CC4)C)NC5CCOCC5,GYQYAJJFPNQOOW-UHFFFAOYSA-N
Glesatinib,2.0,619.2,www.icoa.fr/pkidb/static/img/mol/Glesatinib.svg,COCCNCc1ccc(nc1)c2cc3c(s2)c(ccn3)Oc4ccc(cc4F)NC(=S)NC(=O)Cc5ccc(cc5)F,YRCHYHRCBXNYNU-UHFFFAOYSA-N
Golvatinib,2.0,633.3,www.icoa.fr/pkidb/static/img/mol/Golvatinib.svg,CN1CCN(CC1)C2CCN(CC2)C(=O)Nc3cc(ccn3)Oc4ccc(c(c4)F)NC(=O)C5(CC5)C(=O)Nc6ccc(cc6)F,UQRCJCNVNUFYDX-UHFFFAOYSA-N
Henatinib,1.0,468.2,www.icoa.fr/pkidb/static/img/mol/Henatinib.svg,Cc1c([nH]c2c1C(=O)N(CCC2)C[C@@H](CN3CCOCC3)O)/C=C\4/c5cc(ccc5NC4=O)F,MCTXSDCWFQAGFS-UEXNTNOUSA-N
Ibrutinib,4.0,440.2,www.icoa.fr/pkidb/static/img/mol/Ibrutinib.svg,C=CC(=O)N1CCC[C@H](C1)n2c3c(c(n2)c4ccc(cc4)Oc5ccccc5)c(ncn3)N,XYFPWWZEPKGCCK-GOSISDBHSA-N
Icotinib,4.0,391.2,www.icoa.fr/pkidb/static/img/mol/Icotinib.svg,C#Cc1cccc(c1)Nc2c3cc4c(cc3ncn2)OCCOCCOCCO4,QQLKULDARVNMAL-UHFFFAOYSA-N
Idelalisib,4.0,415.2,www.icoa.fr/pkidb/static/img/mol/Idelalisib.svg,CC[C@@H](c1nc2cccc(c2c(=O)n1c3ccccc3)F)Nc4c5c([nH]cn5)ncn4,IFSDAJWBUCMOAH-HNNXBMFYSA-N
Ilorasertib,2.0,488.1,www.icoa.fr/pkidb/static/img/mol/Ilorasertib.svg,c1cc(cc(c1)F)NC(=O)Nc2ccc(cc2)c3csc4c3c(ncc4c5cnn(c5)CCO)N,WPHKIQPVPYJNAX-UHFFFAOYSA-N
Imatinib,4.0,493.3,www.icoa.fr/pkidb/static/img/mol/Imatinib.svg,Cc1ccc(cc1Nc2nccc(n2)c3cccnc3)NC(=O)c4ccc(cc4)CN5CCN(CC5)C,KTUFNOKKBVMGRW-UHFFFAOYSA-N
Infigratinib,2.0,559.2,www.icoa.fr/pkidb/static/img/mol/Infigratinib.svg,CCN1CCN(CC1)c2ccc(cc2)Nc3cc(ncn3)N(C)C(=O)Nc4c(c(cc(c4Cl)OC)OC)Cl,QADPYRIHXKWUSV-UHFFFAOYSA-N
Ipatasertib,3.0,457.2,www.icoa.fr/pkidb/static/img/mol/Ipatasertib.svg,C[C@@H]1C[C@H](c2c1c(ncn2)N3CCN(CC3)C(=O)[C@H](CNC(C)C)c4ccc(cc4)Cl)O,GRZXWCHAXNAUHY-NSISKUIASA-N
Itacitinib,3.0,553.2,www.icoa.fr/pkidb/static/img/mol/Itacitinib.svg,c1cnc-2[nH]cnc(c12)c3cnn(c3)C4(CN(C4)C5CCN(CC5)C(=O)c6ccnc(c6F)C(F)(F)F)CC#N,KTBSXLIQKWEBRB-UHFFFAOYSA-N
Lapatinib,4.0,580.1,www.icoa.fr/pkidb/static/img/mol/Lapatinib.svg,CS(=O)(=O)CCNCc1ccc(o1)c2ccc3c(c2)c(ncn3)Nc4ccc(c(c4)Cl)OCc5cccc(c5)F,BCFGMOOMADDAQU-UHFFFAOYSA-N
Larotrectinib,4.0,428.2,www.icoa.fr/pkidb/static/img/mol/Larotrectinib.svg,c1cc(c(cc1F)[C@H]2CCCN2c3ccn4c(n3)c(cn4)NC(=O)N5CC[C@@H](C5)O)F,NYNZQNWKBKUAII-KBXCAEBGSA-N
Lazertinib,1.0,554.3,www.icoa.fr/pkidb/static/img/mol/Lazertinib.svg,CN(C)Cc1cn(nc1c2ccccc2)c3ccnc(n3)Nc4cc(c(cc4OC)N5CCOCC5)NC(=O)C=C,RRMJMHOQSALEJJ-UHFFFAOYSA-N
Leniolisib,0.0,450.2,www.icoa.fr/pkidb/static/img/mol/Leniolisib.svg,CCC(=O)N1CC[C@@H](C1)Nc2c3c(ncn2)CCN(C3)c4cc(c(nc4)OC)C(F)(F)F,MWKYMZXCGYXLPL-ZDUSSCGKSA-N
Lenvatinib,4.0,426.1,www.icoa.fr/pkidb/static/img/mol/Lenvatinib.svg,COc1cc2c(cc1C(=O)N)c(ccn2)Oc3ccc(c(c3)Cl)NC(=O)NC4CC4,WOSKHXYHFSIKNG-UHFFFAOYSA-N
Lestaurtinib,3.0,439.2,www.icoa.fr/pkidb/static/img/mol/Lestaurtinib.svg,C[C@@]12[C@](C[C@@H](O1)n3c4ccccc4c5c3c6n2c7ccccc7c6c8c5C(=O)NC8)(CO)O,UIARLYUEJFELEN-LROUJFHJSA-N
Linifanib,3.0,375.1,www.icoa.fr/pkidb/static/img/mol/Linifanib.svg,Cc1ccc(c(c1)NC(=O)Nc2ccc(cc2)c3cccc4c3c(n[nH]4)N)F,MPVGZUGXCQEXTM-UHFFFAOYSA-N
Linsitinib,3.0,421.2,www.icoa.fr/pkidb/static/img/mol/Linsitinib.svg,C[C@]1(C[C@@H](C1)c2n3c(c(ncc3)N)c(n2)c4cc5nc(ccc5cc4)c6ccccc6)O,PKCDDUHJAFVJJB-VLZXCDOPSA-N
Lorlatinib,4.0,406.2,www.icoa.fr/pkidb/static/img/mol/Lorlatinib.svg,C[C@@H]1c2cc(ccc2C(=O)N(Cc3c(c(n(n3)C)C#N)-c4cc(c(nc4)N)O1)C)F,IIXWYSCJSQVBQM-LLVKDONJSA-N
Losmapimod,3.0,383.2,www.icoa.fr/pkidb/static/img/mol/Losmapimod.svg,Cc1c(cc(cc1F)C(=O)NC2CC2)c3ccc(cn3)C(=O)NCC(C)(C)C,KKYABQBFGDZVNQ-UHFFFAOYSA-N
Lucitanib,2.0,443.2,www.icoa.fr/pkidb/static/img/mol/Lucitanib.svg,CNC(=O)c1cccc2c1ccc(c2)Oc3ccnc4c3cc(c(c4)OCC5(CC5)N)OC,CUDVHEFYRIWYQD-UHFFFAOYSA-N
Masitinib,3.0,498.2,www.icoa.fr/pkidb/static/img/mol/Masitinib.svg,Cc1ccc(cc1Nc2nc(cs2)c3cccnc3)NC(=O)c4ccc(cc4)CN5CCN(CC5)C,WJEOLQLKVOPQFV-UHFFFAOYSA-N
Mavelertinib,0.0,415.2,www.icoa.fr/pkidb/static/img/mol/Mavelertinib.svg,Cn1cc(c(n1)OC)Nc2c3c(nc(n2)N4C[C@H]([C@@H](C4)F)NC(=O)C=C)n(cn3)C,JYIUNVOCEFIUIU-GHMZBOCLSA-N
Merestinib,2.0,552.2,www.icoa.fr/pkidb/static/img/mol/Merestinib.svg,Cc1ccc(c(=O)n1c2ccc(cc2)F)C(=O)Nc3ccc(c(c3)F)Oc4cc5cnn(c5cc4c6c[nH]nc6)C,QHADVLVFMKEIIP-UHFFFAOYSA-N
Midostaurin,4.0,570.2,www.icoa.fr/pkidb/static/img/mol/Midostaurin.svg,C[C@@]12[C@@H]([C@@H](C[C@@H](O1)n3c4ccccc4c5c3c6n2c7ccccc7c6c8c5C(=O)NC8)N(C)C(=O)c9ccccc9)OC,BMGQWWVMWDBQGC-IIFHNQTCSA-N
Milciclib,2.0,460.3,www.icoa.fr/pkidb/static/img/mol/Milciclib.svg,CC1(Cc2cnc(nc2-c3c1c(nn3C)C(=O)NC)Nc4ccc(cc4)N5CCN(CC5)C)C,RXZMYLDMFYNEIM-UHFFFAOYSA-N
Momelotinib,3.0,414.2,www.icoa.fr/pkidb/static/img/mol/Momelotinib.svg,c1cc(ccc1c2ccnc(n2)Nc3ccc(cc3)N4CCOCC4)C(=O)NCC#N,ZVHNDZWQTBEVRY-UHFFFAOYSA-N
Motesanib,3.0,373.2,www.icoa.fr/pkidb/static/img/mol/Motesanib.svg,CC1(CNc2c1ccc(c2)NC(=O)c3cccnc3NCc4ccncc4)C,RAHBGWKEPAQNFF-UHFFFAOYSA-N
Mubritinib,1.0,468.2,www.icoa.fr/pkidb/static/img/mol/Mubritinib.svg,c1cc(ccc1CCCCn2ccnn2)OCc3coc(n3)/C=C/c4ccc(cc4)C(F)(F)F,ZTFBIUXIQYRUNT-MDWZMJQESA-N
Naquotinib,3.0,562.3,www.icoa.fr/pkidb/static/img/mol/Naquotinib.svg,CCc1c(nc(c(n1)C(=O)N)Nc2ccc(cc2)N3CCC(CC3)N4CCN(CC4)C)O[C@@H]5CCN(C5)C(=O)C=C,QKDCLUARMDUUKN-XMMPIXPASA-N
Nazartinib,3.0,494.2,www.icoa.fr/pkidb/static/img/mol/Nazartinib.svg,Cc1cc(ccn1)C(=O)Nc2nc3cccc(c3n2[C@@H]4CCCCN(C4)C(=O)/C=C/CN(C)C)Cl,IOMMMLWIABWRKL-WUTDNEBXSA-N
Neflamapimod,2.0,435.0,www.icoa.fr/pkidb/static/img/mol/Neflamapimod.svg,c1cc(c(c(c1)Cl)c2c3ccc(nn3cnc2=O)Sc4ccc(cc4F)F)Cl,VEPKQEUBKLEPRA-UHFFFAOYSA-N
Nemiralisib,0.0,440.2,www.icoa.fr/pkidb/static/img/mol/Nemiralisib.svg,CC(C)N1CCN(CC1)Cc2cnc(o2)c3cc(cc4c3cn[nH]4)c5cccc6c5cc[nH]6,MCIDWGZGWVSZMK-UHFFFAOYSA-N
Neratinib,4.0,556.2,www.icoa.fr/pkidb/static/img/mol/Neratinib.svg,CCOc1cc2c(cc1NC(=O)/C=C/CN(C)C)c(c(cn2)C#N)Nc3ccc(c(c3)Cl)OCc4ccccn4,JWNPDZNEKVCWMY-VQHVLOKHSA-N
Netarsudil,4.0,453.2,www.icoa.fr/pkidb/static/img/mol/Netarsudil.svg,Cc1ccc(c(c1)C)C(=O)OCc2ccc(cc2)[C@@H](CN)C(=O)Nc3ccc4cnccc4c3,OURRXQUGYQRVML-AREMUKBSSA-N
Nilotinib,4.0,529.2,www.icoa.fr/pkidb/static/img/mol/Nilotinib.svg,Cc1ccc(cc1Nc2nccc(n2)c3cccnc3)C(=O)Nc4cc(cc(c4)n5cc(nc5)C)C(F)(F)F,HHZIURLSWUIHRB-UHFFFAOYSA-N
Ningetinib,1.5,556.2,www.icoa.fr/pkidb/static/img/mol/Ningetinib.svg,Cc1c(c(=O)n(n1C)c2ccccc2)C(=O)Nc3ccc(c(c3)F)Oc4ccnc5c4ccc(c5)OCC(C)(C)O,VQYYQSZNRVQLIS-UHFFFAOYSA-N
Nintedanib,4.0,539.3,www.icoa.fr/pkidb/static/img/mol/Nintedanib.svg,CN1CCN(CC1)CC(=O)N(C)c2ccc(cc2)N/C(=C\3/c4ccc(cc4NC3=O)C(=O)OC)/c5ccccc5,XZXHXSATPCNXJR-ZIADKAODSA-N
Oclacitinib,0.0,337.2,www.icoa.fr/pkidb/static/img/mol/Oclacitinib.svg,CNS(=O)(=O)C[C@H]1CC[C@@H](CC1)N(c2ncnc3c2cc[nH]3)C,HJWLJNBZVZDLAQ-HAQNSBGRSA-N
Olmutinib,2.0,486.2,www.icoa.fr/pkidb/static/img/mol/Olmutinib.svg,CN1CCN(CC1)c2ccc(cc2)Nc3nc4ccsc4c(n3)Oc5cccc(c5)NC(=O)C=C,FDMQDKQUTRLUBU-UHFFFAOYSA-N
Omipalisib,1.0,505.1,www.icoa.fr/pkidb/static/img/mol/Omipalisib.svg,COc1c(cc(cn1)c2ccc3c(c2)c(ccn3)c4ccnnc4)NS(=O)(=O)c5ccc(cc5F)F,CGBJSGAELGCMKE-UHFFFAOYSA-N
Orantinib,3.0,310.1,www.icoa.fr/pkidb/static/img/mol/Orantinib.svg,Cc1c(c([nH]c1/C=C\2/c3ccccc3NC2=O)C)CCC(=O)O,NHFDRBXTEDBWCZ-ZROIWOOFSA-N
Osimertinib,4.0,499.3,www.icoa.fr/pkidb/static/img/mol/Osimertinib.svg,Cn1cc(c2c1cccc2)c3ccnc(n3)Nc4cc(c(cc4OC)N(C)CCN(C)C)NC(=O)C=C,DUYJMQONPNNFPI-UHFFFAOYSA-N
Pacritinib,3.0,472.2,www.icoa.fr/pkidb/static/img/mol/Pacritinib.svg,c1cc2cc(c1)-c3ccnc(n3)Nc4ccc(c(c4)COC/C=C/COC2)OCCN5CCCC5,HWXVIOGONBBTBY-ONEGZZNKSA-N
Palbociclib,4.0,447.2,www.icoa.fr/pkidb/static/img/mol/Palbociclib.svg,Cc1c2cnc(nc2n(c(=O)c1C(=O)C)C3CCCC3)Nc4ccc(cn4)N5CCNCC5,AHJRHEGDXFFMBM-UHFFFAOYSA-N
Pamapimod,2.0,406.1,www.icoa.fr/pkidb/static/img/mol/Pamapimod.svg,Cn1c2c(cc(c1=O)Oc3ccc(cc3F)F)cnc(n2)NC(CCO)CCO,JYYLVUFNAHSSFE-UHFFFAOYSA-N
Panulisib,1.0,527.2,www.icoa.fr/pkidb/static/img/mol/Panulisib.svg,CC(C)(C#N)c1ccc(cn1)n2c3c4cc(ccc4ncc3n(c2=NC#N)C)c5cc(c(nc5)N)C(F)(F)F,VJLRLTSXTLICIR-UHFFFAOYSA-N
Parsaclisib,2.0,432.1,www.icoa.fr/pkidb/static/img/mol/Parsaclisib.svg,CCOc1c(cc(c(c1[C@H]2CC(=O)NC2)F)Cl)[C@H](C)n3c4c(c(n3)C)c(ncn4)N,ZQPDJCIXJHUERQ-QWRGUYRKSA-N
Pazopanib,4.0,437.2,www.icoa.fr/pkidb/static/img/mol/Pazopanib.svg,Cc1ccc(cc1S(=O)(=O)N)Nc2nccc(n2)N(C)c3ccc4c(n(nc4c3)C)C,CUIHSIWYWATEQL-UHFFFAOYSA-N
Peficitinib,3.0,326.2,www.icoa.fr/pkidb/static/img/mol/Peficitinib.svg,c1c[nH]c2c1c(c(cn2)C(=O)N)N[C@@H]3[C@@H]4C[C@@H]5C[C@H]3C[C@@](C5)(C4)O,DREIJXJRTLTGJC-ZKVNVPQCSA-N
Pelitinib,2.0,467.2,www.icoa.fr/pkidb/static/img/mol/Pelitinib.svg,CCOc1cc2c(cc1NC(=O)/C=C/CN(C)C)c(c(cn2)C#N)Nc3ccc(c(c3)Cl)F,WVUNYSQLFKLYNI-AATRIKPKSA-N
Pexidartinib,4.0,417.1,www.icoa.fr/pkidb/static/img/mol/Pexidartinib.svg,c1cc(ncc1Cc2c[nH]c3c2cc(cn3)Cl)NCc4ccc(nc4)C(F)(F)F,JGWRKYUXBBNENE-UHFFFAOYSA-N
Pexmetinib,1.0,556.3,www.icoa.fr/pkidb/static/img/mol/Pexmetinib.svg,Cc1ccc(cc1)n2c(cc(n2)C(C)(C)C)NC(=O)NCc3cc(ccc3Oc4ccc5c(c4)cnn5CCO)F,LNMRSSIMGCDUTP-UHFFFAOYSA-N
Pictilisib,2.0,513.2,www.icoa.fr/pkidb/static/img/mol/Pictilisib.svg,CS(=O)(=O)N1CCN(CC1)Cc2cc3c(s2)c(nc(n3)c4cccc5c4cn[nH]5)N6CCOCC6,LHNIIDJUOCFXAP-UHFFFAOYSA-N
Pilaralisib,2.0,540.1,www.icoa.fr/pkidb/static/img/mol/Pilaralisib.svg,CC(C)(C(=O)Nc1cccc(c1)S(=O)(=O)Nc2c(nc3ccccc3n2)Nc4cc(ccc4Cl)OC)N,QINPEPAQOBZPOF-UHFFFAOYSA-N
Pimasertib,2.0,431.0,www.icoa.fr/pkidb/static/img/mol/Pimasertib.svg,c1cc(c(cc1I)F)Nc2cnccc2C(=O)NC[C@@H](CO)O,VIUAUNHCRHHYNE-JTQLQIEISA-N
Ponatinib,4.0,532.2,www.icoa.fr/pkidb/static/img/mol/Ponatinib.svg,Cc1ccc(cc1C#Cc2cnc3n2nccc3)C(=O)Nc4ccc(c(c4)C(F)(F)F)CN5CCN(CC5)C,PHXJVRSECIGDHY-UHFFFAOYSA-N
Poziotinib,2.0,490.1,www.icoa.fr/pkidb/static/img/mol/Poziotinib.svg,COc1cc2c(cc1OC3CCN(CC3)C(=O)C=C)c(ncn2)Nc4ccc(c(c4F)Cl)Cl,LPFWVDIFUFFKJU-UHFFFAOYSA-N
Pralsetinib,1.5,533.3,www.icoa.fr/pkidb/static/img/mol/Pralsetinib.svg,Cc1[nH]nc(c1)Nc2nc(nc(c2)C)[C@H]3CC[C@@](CC3)(OC)C(=O)N[C@H](c4cnc(cc4)n5ncc(c5)F)C,GBLBJPZSROAGMF-BATDWUPUSA-N
Prexasertib,2.0,365.2,www.icoa.fr/pkidb/static/img/mol/Prexasertib.svg,COc1cccc(c1c2cc(n[nH]2)Nc3cnc(cn3)C#N)OCCCN,DOTGPNHGTYJDEP-UHFFFAOYSA-N
Pyrotinib,3.0,582.2,www.icoa.fr/pkidb/static/img/mol/Pyrotinib.svg,CCOc1cc2c(cc1NC(=O)/C=C/[C@H]3CCCN3C)c(c(cn2)C#N)Nc4ccc(c(c4)Cl)OCc5ccccn5,SADXACCFNXBCFY-IYNHSRRRSA-N
Quizartinib,3.0,560.2,www.icoa.fr/pkidb/static/img/mol/Quizartinib.svg,CC(C)(C)c1cc(no1)NC(=O)Nc2ccc(cc2)c3cn4c5ccc(cc5sc4n3)OCCN6CCOCC6,CVWXJKQAOSCOAB-UHFFFAOYSA-N
Rabusertib,2.0,435.1,www.icoa.fr/pkidb/static/img/mol/Rabusertib.svg,Cc1cc(c(cc1Br)NC(=O)Nc2cnc(cn2)C)OC[C@@H]3CNCCO3,SYYBDNPGDKKJDU-ZDUSSCGKSA-N
Radotinib,3.0,530.2,www.icoa.fr/pkidb/static/img/mol/Radotinib.svg,Cc1ccc(cc1Nc2nccc(n2)c3cnccn3)C(=O)Nc4cc(cc(c4)n5cc(nc5)C)C(F)(F)F,DUPWHXBITIZIKZ-UHFFFAOYSA-N
Ralimetinib,2.0,420.2,www.icoa.fr/pkidb/static/img/mol/Ralimetinib.svg,CC(C)(C)Cn1c2c(ccc(n2)c3c(nc([nH]3)C(C)(C)C)c4ccc(cc4)F)nc1N,XPPBBJCBDOEXDN-UHFFFAOYSA-N
Ravoxertinib,1.0,440.1,www.icoa.fr/pkidb/static/img/mol/Ravoxertinib.svg,Cn1c(ccn1)Nc2nccc(n2)c3ccn(c(=O)c3)[C@H](CO)c4ccc(c(c4)F)Cl,RZUOCXOYPYGSKL-GOSISDBHSA-N
Rebastinib,2.0,553.2,www.icoa.fr/pkidb/static/img/mol/Rebastinib.svg,CC(C)(C)c1cc(n(n1)c2ccc3c(c2)cccn3)NC(=O)Nc4ccc(cc4F)Oc5ccnc(c5)C(=O)NC,WVXNSAVVKYZVOE-UHFFFAOYSA-N
Recilisib,1.0,336.0,www.icoa.fr/pkidb/static/img/mol/Recilisib.svg,c1cc(ccc1CS(=O)(=O)/C=C/c2ccc(cc2)C(=O)O)Cl,KBEKQQJUNVQLDZ-MDZDMXLPSA-N
Refametinib,2.0,572.0,www.icoa.fr/pkidb/static/img/mol/Refametinib.svg,COc1cc(c(c(c1NS(=O)(=O)C2(CC2)C[C@@H](CO)O)Nc3ccc(cc3F)I)F)F,RDSACQWTXKSHJT-NSHDSACASA-N
Regorafenib,4.0,482.1,www.icoa.fr/pkidb/static/img/mol/Regorafenib.svg,CNC(=O)c1cc(ccn1)Oc2ccc(c(c2)F)NC(=O)Nc3ccc(c(c3)C(F)(F)F)Cl,FNHKPVJBJVTLMP-UHFFFAOYSA-N
Ribociclib,4.0,434.3,www.icoa.fr/pkidb/static/img/mol/Ribociclib.svg,CN(C)C(=O)c1cc2cnc(nc2n1C3CCCC3)Nc4ccc(cn4)N5CCNCC5,RHXHGRAEPCAFML-UHFFFAOYSA-N
Rigosertib,3.0,451.1,www.icoa.fr/pkidb/static/img/mol/Rigosertib.svg,COc1ccc(cc1NCC(=O)O)CS(=O)(=O)/C=C/c2c(cc(cc2OC)OC)OC,OWBFCJROIKNMGD-BQYQJAHWSA-N
Ripasudil,2.0,323.1,www.icoa.fr/pkidb/static/img/mol/Ripasudil.svg,C[C@H]1CNCCCN1S(=O)(=O)c2cccc3c2c(cnc3)F,QSKQVZWVLOIIEV-NSHDSACASA-N
Ripretinib,3.0,509.1,www.icoa.fr/pkidb/static/img/mol/Ripretinib.svg,CCn1c2cc(ncc2cc(c1=O)c3cc(c(cc3Br)F)NC(=O)Nc4ccccc4)NC,CEFJVGZHQAGLHS-UHFFFAOYSA-N
Riviciclib,2.0,401.1,www.icoa.fr/pkidb/static/img/mol/Riviciclib.svg,CN1CC[C@H]([C@@H]1CO)c2c(cc(c3c2oc(cc3=O)c4ccccc4Cl)O)O,QLUYMIVVAYRECT-OCCSQVGLSA-N
Rivoceranib,1.0,493.2,www.icoa.fr/pkidb/static/img/mol/Rivoceranib.svg,CS(=O)(=O)O.c1cc(c(nc1)NCc2ccncc2)C(=O)Nc3ccc(cc3)C4(CCCC4)C#N,FYJROXRIVQPKRY-UHFFFAOYSA-N
Rociletinib,3.0,555.2,www.icoa.fr/pkidb/static/img/mol/Rociletinib.svg,CC(=O)N1CCN(CC1)c2ccc(c(c2)OC)Nc3ncc(c(n3)Nc4cccc(c4)NC(=O)C=C)C(F)(F)F,HUFOZJXAKZVRNJ-UHFFFAOYSA-N
Rogaratinib,2.0,466.2,www.icoa.fr/pkidb/static/img/mol/Rogaratinib.svg,Cc1cc2cc(sc2c(c1)OC)c3c(c(n4c3c(ncn4)N)CN5CCNC(=O)C5)COC,HNLRRJSKGXOYNO-UHFFFAOYSA-N
Roniciclib,2.0,430.1,www.icoa.fr/pkidb/static/img/mol/Roniciclib.svg,C[C@H]([C@@H](C)Oc1c(cnc(n1)Nc2ccc(cc2)[S@](=N)(=O)C3CC3)C(F)(F)F)O,UELYDGOOJPRWGF-SRQXXRKNSA-N
Ruboxistaurin,3.0,468.2,www.icoa.fr/pkidb/static/img/mol/Ruboxistaurin.svg,CN(C)C[C@@H]1CCn2cc(c3c2cccc3)C4=C(c5cn(c6c5cccc6)CCO1)C(=O)NC4=O,ZCBUQCWBWNUWSU-SFHVURJKSA-N
Ruxolitinib,4.0,306.2,www.icoa.fr/pkidb/static/img/mol/Ruxolitinib.svg,c1c[nH]c2c1c(ncn2)c3cnn(c3)[C@H](CC#N)C4CCCC4,HFNKQEVNSGCOJV-OAHLLOKOSA-N
Samotolisib,2.0,406.2,www.icoa.fr/pkidb/static/img/mol/Samotolisib.svg,C[C@@H](Cn1c2c3cc(ccc3ncc2n(c1=O)C)c4cc(cnc4)C(C)(C)O)OC,ACCFLVVUVBJNGT-AWEZNQCLSA-N
Sapanisertib,2.0,309.1,www.icoa.fr/pkidb/static/img/mol/Sapanisertib.svg,CC(C)n1c2c(c(n1)c3ccc4c(c3)nc(o4)N)c(ncn2)N,GYLDXIAOMVERTK-UHFFFAOYSA-N
Sapitinib,2.0,473.2,www.icoa.fr/pkidb/static/img/mol/Sapitinib.svg,CNC(=O)CN1CCC(CC1)Oc2cc3c(cc2OC)ncnc3Nc4cccc(c4F)Cl,DFJSJLGUIXFDJP-UHFFFAOYSA-N
Saracatinib,3.0,541.2,www.icoa.fr/pkidb/static/img/mol/Saracatinib.svg,CN1CCN(CC1)CCOc2cc3c(c(c2)OC4CCOCC4)c(ncn3)Nc5c(ccc6c5OCO6)Cl,OUKYUETWWIPKQR-UHFFFAOYSA-N
Savolitinib,3.0,345.1,www.icoa.fr/pkidb/static/img/mol/Savolitinib.svg,C[C@@H](c1ccc2nccn2c1)n3c4c(ncc(n4)c5cnn(c5)C)nn3,XYDNMOZJKOGZLS-NSHDSACASA-N
Selatinib,1.0,564.1,www.icoa.fr/pkidb/static/img/mol/Selatinib.svg,CS(=O)CCNCc1ccc(o1)c2ccc3c(c2)c(ncn3)Nc4ccc(c(c4)Cl)OCc5cccc(c5)F,OAMVGUFHZPRXOM-UHFFFAOYSA-N
Seliciclib,2.0,354.2,www.icoa.fr/pkidb/static/img/mol/Seliciclib.svg,CC[C@H](CO)Nc1nc(NCc2ccccc2)c3ncn(C(C)C)c3n1,BTIHMVBBUGXLCJ-OAHLLOKOSA-N
Selonsertib,2.0,445.2,www.icoa.fr/pkidb/static/img/mol/Selonsertib.svg,Cc1cc(c(cc1n2cc(nc2)C3CC3)C(=O)Nc4cccc(n4)c5nncn5C(C)C)F,YIDDLAAKOYYGJG-UHFFFAOYSA-N
Selumetinib,3.0,456.0,www.icoa.fr/pkidb/static/img/mol/Selumetinib.svg,Cn1cnc2c1cc(c(c2F)Nc3ccc(cc3Cl)Br)C(=O)NOCCO,CYOHGALHFOKKQC-UHFFFAOYSA-N
Semaxanib,3.0,238.1,www.icoa.fr/pkidb/static/img/mol/Semaxanib.svg,Cc1cc([nH]c1/C=C\2/c3ccccc3NC2=O)C,WUWDLXZGHZSWQZ-WQLSENKSSA-N
Silmitasertib,2.0,349.1,www.icoa.fr/pkidb/static/img/mol/Silmitasertib.svg,c1cc(cc(c1)Cl)Nc2c3ccncc3c4ccc(cc4n2)C(=O)O,MUOKSQABCJCOPU-UHFFFAOYSA-N
Simotinib,3.0,500.2,www.icoa.fr/pkidb/static/img/mol/Simotinib.svg,COc1cc2c(cc1OCCN3CC4(CC4)C5(C3)OCCO5)c(ncn2)Nc6ccc(c(c6)Cl)F,OXWUWXCJDBRCCG-UHFFFAOYSA-N
Sitravatinib,3.0,629.2,www.icoa.fr/pkidb/static/img/mol/Sitravatinib.svg,COCCNCc1ccc(nc1)c2cc3c(s2)c(ccn3)Oc4ccc(cc4F)NC(=O)C5(CC5)C(=O)Nc6ccc(cc6)F,WLAVZAAODLTUSW-UHFFFAOYSA-N
Solcitinib,2.0,389.2,www.icoa.fr/pkidb/static/img/mol/Solcitinib.svg,CC1(CN(C1)C(=O)c2ccc(cc2)c3cccc4n3nc(n4)NC(=O)C5CC5)C,MPYACSQFXVMWNO-UHFFFAOYSA-N
Sonolisib,2.0,525.2,www.icoa.fr/pkidb/static/img/mol/Sonolisib.svg,CC(=O)O[C@@H]1C[C@]2([C@@H](CCC2=O)C3=C1[C@]4([C@H](OC(=O)/C(=C/N(CC=C)CC=C)/C4=C(C3=O)O)COC)C)C,QIUASFSNWYMDFS-NILGECQDSA-N
Sorafenib,4.0,464.1,www.icoa.fr/pkidb/static/img/mol/Sorafenib.svg,CNC(=O)c1cc(ccn1)Oc2ccc(cc2)NC(=O)Nc3ccc(c(c3)C(F)(F)F)Cl,MLDQJTXFUGDVEO-UHFFFAOYSA-N
Sotrastaurin,2.0,438.2,www.icoa.fr/pkidb/static/img/mol/Sotrastaurin.svg,CN1CCN(CC1)c2nc3ccccc3c(n2)C4=C(C(=O)NC4=O)c5c[nH]c6c5cccc6,OAVGBZOFDPFGPJ-UHFFFAOYSA-N
Spebrutinib,2.0,423.2,www.icoa.fr/pkidb/static/img/mol/Spebrutinib.svg,COCCOc1ccc(cc1)Nc2ncc(c(n2)Nc3cccc(c3)NC(=O)C=C)F,KXBDTLQSDKGAEB-UHFFFAOYSA-N
Sunitinib,4.0,398.2,www.icoa.fr/pkidb/static/img/mol/Sunitinib.svg,CCN(CC)CCNC(=O)c1c(c([nH]c1C)/C=C\2/c3cc(ccc3NC2=O)F)C,WINHZLLDWRZWRT-ATVHPVEESA-N
Tafetinib,1.0,424.2,www.icoa.fr/pkidb/static/img/mol/Tafetinib.svg,CCN(CC)CCNC(=O)c1c([nH]c\2c1CCC/C2=C/3\c4cc(ccc4NC3=O)F)C,KGSRYTUWXUESJK-FXBPSFAMSA-N
Talmapimod,2.0,512.2,www.icoa.fr/pkidb/static/img/mol/Talmapimod.svg,C[C@@H]1CN([C@H](CN1C(=O)c2cc3c(cc2Cl)n(cc3C(=O)C(=O)N(C)C)C)C)Cc4ccc(cc4)F,ZMELOYOKMZBMRB-DLBZAZTESA-N
Tamatinib,2.0,470.2,www.icoa.fr/pkidb/static/img/mol/Tamatinib.svg,CC1(C(=O)Nc2c(ccc(n2)Nc3c(cnc(n3)Nc4cc(c(c(c4)OC)OC)OC)F)O1)C,NHHQJBCNYHBUSI-UHFFFAOYSA-N
Tandutinib,2.0,562.3,www.icoa.fr/pkidb/static/img/mol/Tandutinib.svg,CC(C)Oc1ccc(cc1)NC(=O)N2CCN(CC2)c3c4cc(c(cc4ncn3)OCCCN5CCCCC5)OC,UXXQOJXBIDBUAC-UHFFFAOYSA-N
Tanzisertib,2.0,448.2,www.icoa.fr/pkidb/static/img/mol/Tanzisertib.svg,c1c(c(c(cc1F)F)Nc2n(c3nc(ncc3n2)N[C@H]4CC[C@@H](CC4)O)[C@@H]5COCC5)F,IBGLGMOPHJQDJB-IHRRRGAJSA-N
Tarloxotinib,2.0,679.0,www.icoa.fr/pkidb/static/img/mol/Tarloxotinib.svg,Cn1cnc(c1C[N+](C)(C)C/C=C/C(=O)Nc2cc3c(cn2)ncnc3Nc4ccc(c(c4)Br)Cl)[N+](=O)[O-].[Br-],WAKIMVYUBWMMHJ-FXRZFVDSSA-N
Taselisib,3.0,460.2,www.icoa.fr/pkidb/static/img/mol/Taselisib.svg,Cc1nc(n(n1)C(C)C)c2cn3c(n2)-c4ccc(cc4OCC3)c5cnn(c5)C(C)(C)C(=O)N,BEUQXVWXFDOSAQ-UHFFFAOYSA-N
Telatinib,2.0,409.1,www.icoa.fr/pkidb/static/img/mol/Telatinib.svg,CNC(=O)c1cc(ccn1)COc2c3c(cco3)c(nn2)Nc4ccc(cc4)Cl,QFCXANHHBCGMAS-UHFFFAOYSA-N
Tepotinib,2.0,492.2,www.icoa.fr/pkidb/static/img/mol/Tepotinib.svg,CN1CCC(CC1)COc2cnc(nc2)c3cccc(c3)Cn4c(=O)ccc(n4)c5cccc(c5)C#N,AHYMHWXQRWRBKT-UHFFFAOYSA-N
Tesevatinib,2.0,490.1,www.icoa.fr/pkidb/static/img/mol/Tesevatinib.svg,CN1C[C@H]2C[C@H](C[C@H]2C1)COc3cc4c(cc3OC)c(ncn4)Nc5ccc(c(c5F)Cl)Cl,HVXKQKFEHMGHSL-QKDCVEJESA-N
Tivantinib,3.0,369.1,www.icoa.fr/pkidb/static/img/mol/Tivantinib.svg,c1ccc2c(c1)c(c[nH]2)[C@H]3[C@@H](C(=O)NC3=O)c4cn5c6c4cccc6CCC5,UCEQXRCJXIVODC-PMACEKPBSA-N
Tivozanib,4.0,454.1,www.icoa.fr/pkidb/static/img/mol/Tivozanib.svg,Cc1cc(no1)NC(=O)Nc2ccc(cc2Cl)Oc3ccnc4c3cc(c(c4)OC)OC,SPMVMDHWKHCIDT-UHFFFAOYSA-N
Toceranib,0.0,396.2,www.icoa.fr/pkidb/static/img/mol/Toceranib.svg,Cc1c([nH]c(c1C(=O)NCCN2CCCC2)C)/C=C\3/c4cc(ccc4NC3=O)F,SRSGVKWWVXWSJT-ATVHPVEESA-N
Tofacitinib,4.0,312.2,www.icoa.fr/pkidb/static/img/mol/Tofacitinib.svg,C[C@@H]1CCN(C[C@@H]1N(C)c2c3cc[nH]c3ncn2)C(=O)CC#N,UJLAWZDWDVHWOW-YPMHNXCESA-N
Tomivosertib,2.0,340.2,www.icoa.fr/pkidb/static/img/mol/Tomivosertib.svg,Cc1cc(c(=O)n2c1C(=O)NC23CCCCC3)Nc4cc(ncn4)N,HKTBYUWLRDZAJK-UHFFFAOYSA-N
Tozasertib,2.0,464.2,www.icoa.fr/pkidb/static/img/mol/Tozasertib.svg,Cc1cc(n[nH]1)Nc2cc(nc(n2)Sc3ccc(cc3)NC(=O)C4CC4)N5CCN(CC5)C,GCIKSSRWRFVXBI-UHFFFAOYSA-N
Trametinib,4.0,615.1,www.icoa.fr/pkidb/static/img/mol/Trametinib.svg,Cc1c2c(c(n(c1=O)C)Nc3ccc(cc3F)I)c(=O)n(c(=O)n2c4cccc(c4)NC(=O)C)C5CC5,LIRYPHYGHXZJBZ-UHFFFAOYSA-N
Trilaciclib,2.0,446.3,www.icoa.fr/pkidb/static/img/mol/Trilaciclib.svg,CN1CCN(CC1)c2ccc(nc2)Nc3ncc4cc5n(c4n3)C6(CCCCC6)CNC5=O,PDGKHKMBHVFCMG-UHFFFAOYSA-N
Tucatinib,2.0,480.2,www.icoa.fr/pkidb/static/img/mol/Tucatinib.svg,Cc1cc(ccc1Oc2ccn3c(c2)ncn3)Nc4c5cc(ccc5ncn4)NC6=NC(CO6)(C)C,SDEAXTCZPQIFQM-UHFFFAOYSA-N
Ulixertinib,2.0,432.1,www.icoa.fr/pkidb/static/img/mol/Ulixertinib.svg,CC(C)Nc1cc(c(cn1)Cl)c2cc([nH]c2)C(=O)N[C@H](CO)c3cccc(c3)Cl,KSERXGMCDHOLSS-LJQANCHMSA-N
Umbralisib,3.0,571.2,www.icoa.fr/pkidb/static/img/mol/Umbralisib.svg,C[C@@H](c1c(c(=O)c2cc(ccc2o1)F)c3cccc(c3)F)n4c5c(c(n4)c6ccc(c(c6)F)OC(C)C)c(ncn5)N,IUVCFHHAEHNCFT-INIZCTEOSA-N
Upadacitinib,4.0,380.2,www.icoa.fr/pkidb/static/img/mol/Upadacitinib.svg,CC[C@@H]1CN(C[C@@H]1c2cnc3n2c4cc[nH]c4nc3)C(=O)NCC(F)(F)F,WYQFJHHDOKWSHR-MNOVXSKESA-N
Uprosertib,2.0,428.1,www.icoa.fr/pkidb/static/img/mol/Uprosertib.svg,Cn1c(c(cn1)Cl)c2cc(oc2Cl)C(=O)N[C@@H](Cc3ccc(c(c3)F)F)CN,AXTAPYRUEKNRBA-JTQLQIEISA-N
Vactosertib,1.5,399.2,www.icoa.fr/pkidb/static/img/mol/Vactosertib.svg,Cc1cccc(n1)c2c(nc([nH]2)CNc3ccccc3F)c4ccc5ncnn5c4,FJCDSQATIJKQKA-UHFFFAOYSA-N
Vandetanib,4.0,474.1,www.icoa.fr/pkidb/static/img/mol/Vandetanib.svg,CN1CCC(CC1)COc2cc3c(cc2OC)c(ncn3)Nc4ccc(cc4F)Br,UHTHHESEBZOYNR-UHFFFAOYSA-N
Varlitinib,2.5,466.1,www.icoa.fr/pkidb/static/img/mol/Varlitinib.svg,C[C@@H]1COC(=N1)Nc2ccc3c(c2)c(ncn3)Nc4ccc(c(c4)Cl)OCc5nccs5,UWXSAYUXVSFDBQ-CYBMUJFWSA-N
Vatalanib,3.0,346.1,www.icoa.fr/pkidb/static/img/mol/Vatalanib.svg,c1ccc2c(c1)c(nnc2Nc3ccc(cc3)Cl)Cc4ccncc4,YCOYDOIWSSHVCK-UHFFFAOYSA-N
Vemurafenib,4.0,489.1,www.icoa.fr/pkidb/static/img/mol/Vemurafenib.svg,CCCS(=O)(=O)Nc1ccc(c(c1F)C(=O)c2c[nH]c3c2cc(cn3)c4ccc(cc4)Cl)F,GPXBXXGIAQBQNI-UHFFFAOYSA-N
Verosudil,2.0,327.1,www.icoa.fr/pkidb/static/img/mol/Verosudil.svg,CN(C)C(c1ccsc1)C(=O)Nc2ccc3c(c2)cc[nH]c3=O,VDYRZXYYQMMFJW-UHFFFAOYSA-N
Vistusertib,2.0,462.2,www.icoa.fr/pkidb/static/img/mol/Vistusertib.svg,C[C@H]1COCCN1c2c3ccc(nc3nc(n2)N4CCOC[C@@H]4C)c5cccc(c5)C(=O)NC,JUSFANSTBFGBAF-IRXDYDNUSA-N
Volasertib,3.0,618.4,www.icoa.fr/pkidb/static/img/mol/Volasertib.svg,CC[C@H]1N(c2nc(ncc2N(C1=O)C)Nc3c(cc(cc3)C(=O)N[C@H]4CC[C@@H](CC4)N5CCN(CC5)CC6CC6)OC)C(C)C,SXNJFOWDRLKDSF-STROYTFGSA-N
Voruciclib,2.0,469.1,www.icoa.fr/pkidb/static/img/mol/Voruciclib.svg,CN1CC[C@H]([C@@H]1CO)c2c(cc(c3c2oc(cc3=O)c4ccc(cc4Cl)C(F)(F)F)O)O,MRPGRAKIAJJGMM-OCCSQVGLSA-N
Voxtalisib,2.0,270.1,www.icoa.fr/pkidb/static/img/mol/Voxtalisib.svg,CCn1c2c(cc(c1=O)c3ccn[nH]3)c(nc(n2)N)C,RGHYDLZMTYDBDT-UHFFFAOYSA-N
Zanubrutinib,4.0,471.2,www.icoa.fr/pkidb/static/img/mol/Zanubrutinib.svg,C=CC(=O)N1CCC(CC1)C2CCNc3n2nc(c3C(=O)N)c4ccc(cc4)Oc5ccccc5,RNOAOAWBMHREKO-UHFFFAOYSA-N
